channel_title,Total Views,Total Trending videos
YouTube Spotlight,783298628,11
Marvel Entertainment,776328353,47
LuisFonsiVEVO,534738794,10
Logan Paul Vlogs,484356303,24
Universal Pictures,461273964,53
Kylie Jenner,461064419,10
EminemVEVO,416007924,31
GEazyMusicVEVO,415888915,31
Ed Sheeran,400504946,17
DisneyÃ¢â‚¬Â¢Pixar,371016286,18
20th Century Fox,344947728,68
Dude Perfect,332128345,25
jypentertainment,276291969,26
KatyPerryVEVO,273333649,18
SMTOWN,256987943,47
5-Minute Crafts,249591883,22
Lele Pons,245226624,43
TaylorSwiftVEVO,244182424,14
justintimberlakeVEVO,232092388,34
ibighit,224009476,13
Sony Pictures Entertainment,215449430,39
Bruno Mars,213126073,15
SpaceX,191262816,24
Warner Bros. Pictures,189379185,73
Saturday Night Live,182287923,80
DemiLovatoVEVO,181177688,22
Paramount Pictures,177775273,33
KendrickLamarVEVO,173712654,24
WWE,170551952,83
CaseyNeistat,164914790,52
The Film Theorists,144650505,38
Maroon5VEVO,139792531,19
The Slow Mo Guys,139307255,45
PinkVEVO,133897758,18
Bad Lip Reading,131462037,40
BostonDynamics,130744978,20
Liza Koshy,130541992,27
Cardi B,129689285,14
Dua Lipa,124992796,13
NFL,124942646,99
WIRED,124237402,70
The Late Late Show with James Corden,122739227,71
shakiraVEVO,122400297,7
MigosVEVO,122134908,20
ChainsmokersVEVO,118870020,21
T-Mobile,117979039,16
SelenaGomezVEVO,116603411,18
Simply Nailogical,116445329,53
Screen Junkies,114955368,78
HBO,114005214,35
Safiya Nygaard,113590188,42
Ram Trucks,110711462,9
Vevo,110333348,8
IISuperwomanII,109652282,56
marshmello,106357042,21
Bud Light,104489909,7
FBE,103516267,50
CinemaSins,98660965,57
Marques Brownlee,96943703,66
Nintendo,93402960,40
Jeep,88158175,9
Turkish Airlines,86666242,7
FiftyShadesVEVO,86648549,25
First We Feast,84377565,93
HyundaiUSA,83086102,11
TheEllenShow,82770028,86
Late Night with Seth Meyers,82677166,85
Lucas the Spider,81834968,16
Mark Rober,79383365,20
Jimmy Kimmel Live,77585536,79
Smosh,76700739,57
Hannah Stocking,76219450,42
Brave Wilderness,74584387,35
Anwar Jibawi,74444019,42
Rudy Mancuso,73772856,28
Collins Key,73162789,8
Kurzgesagt Ã¢â‚¬â€œ In a Nutshell,70575700,34
CamilaCabelloVEVO,70049199,17
ExplosmEntertainment,69368674,56
The Tonight Show Starring Jimmy Fallon,68543272,91
OVO Sound,65363750,6
The ACE Family,64609976,9
SiaVEVO,64602694,33
Vox,63874340,95
Vogue,63603286,58
jacksfilms,61101935,48
Troom Troom,60865590,13
The Late Show with Stephen Colbert,60734102,85
Billboard,59406754,39
LastWeekTonight,59392739,17
NikkieTutorials,58169712,28
1theK (Ã¬â€ºÂÃ«Ââ€Ã¬Â¼â‚¬Ã¬ÂÂ´),57375949,19
nigahiga,56404154,19
JenniferLopezVEVO,55649039,4
Calvin Klein,55096553,5
BuzzFeedVideo,54433004,63
LOL Network,54230890,10
The Graham Norton Show,53790378,52
BBC Radio 1,53244375,47
SZAVEVO,51729360,16
CollegeHumor,51641920,70
JennaMarbles,49803463,19
Dwarf Mamba,49190093,8
The King of Random,48705428,56
ThomasRhettVEVO,48557588,11
Lionsgate Movies,46971160,7
Intuit,46410511,4
Star Wars,46105348,42
TRYANGLE FILMS,46062940,6
TroyeSivanVEVO,45972812,16
Unbox Therapy,45970446,17
LIL UZI VERT,45907542,8
TheOdd1sOut,45449800,7
TheAngryGrandpaShow,44963723,8
Hulu,44677749,14
Conor Maynard,44469933,5
Boldly,43947889,16
bill wurtz,43814313,23
Binging with Babish,43740776,42
JayRockVEVO,43409357,6
Lil Wayne,42913354,9
Ben Pluimer,42801449,13
SamSmithWorldVEVO,42736277,15
Mike Austin,42503849,9
Disney Movie Trailers,42465587,24
Butch Hartman,42233867,21
Netflix,41710723,95
OK Go,41183174,7
Hevesh5,41078824,36
Vanity Fair,40542008,56
Bon AppÃƒÂ©tit,39802953,71
CrazyRussianHacker,39791129,33
HaileeSteinfeldVEVO,39712033,9
Tide,39538681,10
HollywoodLife,39219073,19
Good Mythical Morning,38962432,57
James Charles,38915376,31
ZEDDVEVO,38631230,12
MLG Highlights,38629388,15
Adult Swim,38578045,8
Gerry Litwin,38140887,12
Atlantic Records,38120643,45
Shay Mitchell,37649692,13
Legendary,37558556,7
ESPN,37258928,96
Life Noggin,37238007,81
Linus Tech Tips,37092950,32
PitbullVEVO,36668491,10
Kitchen Nightmares,35983552,19
FallOutBoyVEVO,35972908,25
Alan Walker,35843928,33
RemyMaVEVO,35527167,25
shane,35413539,9
Tom Scott,35403212,88
JunsKitchen,35328417,24
The Dodo,34568943,61
Bleecker Street,34262015,16
Macklemore LLC,34127002,13
AsapSCIENCE,34023108,39
Pinball Wiz,33991190,9
Jackie Aina,33900092,48
NBC,33772031,15
NBA,33632887,94
5FDPVEVO,33501371,19
iKON,33246211,5
Fueled By Ramen,33174757,39
PBS NewsHour,33007379,24
Full Frontal with Samantha Bee,32973495,63
5MadMovieMakers,32955977,17
Tasty,32886324,48
ImagineDragonsVEVO,32668620,23
Dani Ochoa,32321375,12
Prime Video,32010035,5
Whistle Sports,32007446,12
Wendover Productions,31950182,43
The Daily Show with Trevor Noah,31574912,16
KhalidVEVO,31235543,16
TMZ,31007719,35
LadyGagaVEVO,30742191,15
All is Art,30618743,9
John Lewis,30557393,4
Rosanna Pansino,30425093,47
Mnet K-POP,29980157,7
HalseyVEVO,29834129,7
boogie2988,29282299,13
Jaiden Animations,28945742,10
INSIDER,28820579,80
TechSmartt,28795673,18
E! Entertainment,28668844,67
Doug DeMuro,28634203,28
Budweiser,28592638,7
The Verge,28373893,46
Breakfast Club Power 105.1 FM,28257462,38
The X Factor UK,28161814,13
Complex,28008346,27
amazon,27952435,10
You Suck At Cooking,27918671,31
The Official PokÃƒÂ©mon YouTube Channel,27453726,22
TinasheOfficialVEVO,27423391,16
Cut,27331565,37
Martin Garrix,27250257,7
jeffreestar,26703095,13
Groupon,26402350,7
The Voice,26215756,41
BURGER KING,26169061,8
Michelob ULTRA,25810875,9
Nike,25776205,10
the Hacksmith,25690388,12
Major Lazer,25516159,15
CNN,24910046,85
Domics,24613246,14
iJustine,24563977,63
PTXofficial,24557705,13
HvdH-Plane-Spotter,24475287,5
Lindsey Stirling,24248935,16
videogamedunkey,24159761,6
CalumScottVEVO,23905628,16
BBC News,23850270,54
Doug Ellison,23832561,13
The Food Ranger,23587884,29
itsAlexClark,23030539,31
William Osman,22948742,61
Inside Edition,22910839,66
Gus Johnson,22635550,44
Step Up: High Water,22447439,9
A Chick Called Albert,22324463,7
CrashRacing,22199905,8
MrBeast,22068205,7
ONE Media,22043556,21
TODAY,21983555,71
NFVEVO,21923445,9
Snapchat,21791461,8
Mr. Kate,21265089,24
Charlie Puth,21127388,12
Pitch Perfect,21021349,8
Brat,20658205,7
Open Road Films,20319703,7
TIME,20245899,48
Joey Graceffa,20183463,25
Primitive Technology,20018181,5
The Royal Family,19939567,9
Ultra Music,19749530,12
ProZD,19644543,15
Niki and Gabi,19531458,10
PlayOverwatch,19481778,15
Entertainment Tonight,19418099,49
ThreadBanger,19400625,22
Linkin Park,19353808,23
CBS News,19322495,55
Lil Peep,19266150,6
JonTronShow,19103910,6
KygoOfficialVEVO,19071153,7
Matthias,19048351,22
FrenchMontanaVEVO,18885554,7
JayZVEVO,18797516,5
TED-Ed,18690209,61
GraceVanderWaalVEVO,18562724,13
Kia Motors America,18470406,7
Dolan Twins,18305623,12
Cobra Kai,18277184,6
TechRax,18272347,12
AmazingPhil,18201915,14
MGM,18178781,5
GoPro,18077756,31
Simon's Cat,18019504,53
Half as Interesting,18013582,39
Guardian News,17929278,53
Camila Cabello,17817374,15
MLive,17672778,16
Washington Post,17644405,76
What's Inside?,17572083,14
Pepsi,17501532,11
Google,17218420,20
Jeremy Jahns,17197588,26
REACT,17058794,14
DJSnakeVEVO,17011865,7
Madelaine Petsch,16664356,34
Nerdwriter1,16602729,40
BLACKPINK,16524026,5
Rudimental,16427946,12
The White House,16403196,21
Austin Evans,16373151,35
The Infographics Show,16362800,28
Marzia,16227224,35
Matthias Wandel,16098820,19
Casually Explained,16086205,7
Focus Features,15971380,21
Highlight Heaven,15912747,15
Hope For Paws - Official Rescue Channel,15873226,29
Just Wow me,15864924,8
Tanner Braungardt,15722889,7
LOOK MUM NO COMPUTER,15703449,10
CBS This Morning,15691125,55
Zoella,15564653,19
Foot Locker,15409025,10
HellthyJunkFood,15348987,51
Jordan Wilson,15308631,9
Panic! At The Disco,15236171,12
CGP Grey,15155292,10
ElleOfTheMills,15147270,19
Muse,15128228,7
ABC Television Network,15095201,10
BBC,15051323,25
LouisTomlinsonVEVO,14971040,6
adidas Football,14964217,7
Taylor Nicole Dean,14789738,28
Adam Smith,14750793,6
Philip DeFranco,14748688,8
The New York Times,14660223,56
Maymo,14521677,9
Wengie,14437979,7
Taylor Swift,14422595,23
Chris Rosa,14377600,5
Bobby Duke Arts,14353823,14
Apple,14352460,13
Team Edge,14290845,12
JerryRigEverything,14285718,35
littlemixVEVO,14241026,10
Simply Not Logical,14186497,17
Attaullah Malik,14177068,8
BrasherN,14114169,7
Team Coco,14091303,21
Tech Insider,14029022,25
Land Rover,14019124,7
HarryStylesVEVO,13938107,6
The View,13901806,56
Blonded,13899991,7
Great Big Story,13713854,72
FaZe Rug,13665892,8
A24,13474924,13
Poppy,13460462,24
AnthonyPadilla,13416350,49
NJ.com,13321604,18
Clevver News,13265810,28
iggyazaleamusicVEVO,13219515,7
Chilly Willy,13124922,8
SciShow,13120406,52
Colleen Ballinger,12948464,8
CHRIS-RS,12914827,6
Morgan Adams,12788114,15
NFL Network,12777656,9
The Grand Tour,12717282,23
Chris Stuckmann,12599925,20
Red Bull,12569658,26
ShawnMendesVEVO,12501077,8
Graham The Christian,12484874,7
AviciiOfficialVEVO,12421837,6
JheneAikoVEVO,12361863,6
BuzzFeedBlue,12339070,15
PlayStation,12312195,6
Lauv,12255131,13
vlogbrothers,12230458,56
Diplo,12222339,13
CalvinHarrisVEVO,12113607,10
Mike Boyd,12026638,20
Today I Found Out,11989085,19
Queen Naija,11969982,12
TBS,11950727,14
Tati,11804521,15
NBC News,11780242,62
Sam Chui,11779203,6
Ryan Canty,11715543,5
Oscars,11704560,8
Omeleto,11656567,14
Kylie Cosmetics,11654705,8
U2VEVO,11651587,29
Doctor Who,11648381,9
PokÃƒÂ©mon GO,11537586,7
Glamour Magazine,11532705,8
Looper,11484255,13
Movieclips Trailers,11481232,23
GQ,11399137,17
VICELAND,11359237,10
CBS Films,11322404,4
IGN,11286529,33
Mr Sunday Movies,11271625,14
Hayley Kiyoko,11254749,6
Horizon Productions SFL,11218319,9
Mark Sales,11206205,9
PHP,10962577,5
Chris Smoove,10949107,17
BBC Three,10911332,18
BANGTANTV,10902829,5
How To Cake It,10862282,23
BuzzFeed Celeb,10812563,11
Brent Pella,10586842,8
AlishaMarie,10561515,9
Variety,10504555,27
Ben Actis,10455839,8
Desi Perkins,10421452,22
Jaclyn Hill,10384088,12
National Geographic,10369604,41
SmarterEveryDay,10344595,15
Channel Awesome,10333649,18
Capital FM,10317977,9
Miranda Sings,10273595,25
Will Smith,10204003,17
Natalies Outlet,10180105,6
Colleen Vlogs,10127882,19
Lyft,10113686,9
Cracked,10051250,26
colinfurze,9909809,12
Rooster Teeth,9827843,13
Glam&Gore,9775183,24
Rob Bliss,9701123,7
ABC News,9666836,70
Beyonce,9578073,5
theneedledrop,9574670,30
Grace Helbig,9487102,52
ChrisBrownVEVO,9361727,7
FC Barcelona,9270318,29
Zebra Corner,9268406,6
wdwmagic,9265854,10
Inanna Sarkis,9252139,7
Karina Garcia,9219130,6
Cards Against Humanity,9186934,8
Amber Scholl,9165810,25
TheReportOfTheWeek,9124684,16
Alissa Ashley,9094406,26
Simone Giertz,9089748,25
Battle Universe!,9051461,11
Veritasium,9051086,14
Australian Open TV,9035474,17
Let Me Explain Studios,9030647,6
Munchies,8999805,20
Fox News,8989940,29
Watch What Happens Live with Andy Cohen,8954852,66
Sprinkleofglitter,8952248,16
NoahCyrusVEVO,8938720,9
Orion Pictures,8933850,7
Duston Ward,8898135,8
TromaMovies,8823516,8
Green Day,8817596,11
Ranz Kyle,8676032,16
Rella On the radio,8629097,5
Jason Derulo,8524177,4
SeanPaulVEVO,8502127,6
thegameawards,8454016,6
Amazon Studios,8395216,17
KBSKpop,8346693,8
MasterClass,8291604,4
Zendaya,8234661,7
The 2x Family,8200751,6
David Guetta,8199225,6
KathleenLights,8171877,18
Disney Descendants,8158025,6
Manny Mua,8104400,6
Jonathan Morrison,8103086,20
KBAK - KBFX - Eyewitness News - BakersfieldNow,8080063,8
NASA Jet Propulsion Laboratory,8056076,8
Revolt TV,8055481,8
The Action Lab,8054309,5
RealLifeLore,7989911,18
Lip Sync Battle,7862787,34
HOT 97,7850299,6
ABC Action News,7848153,9
Alesso,7786569,7
The Weather Channel,7784540,9
mariahxlambily,7763315,7
theCHIVE,7706805,8
AnselElgortVEVO,7590243,6
Guy Tang,7508430,7
Ellie and Jared,7457580,13
Tyler Oakley,7446840,36
Clevver Style,7445122,14
How To Cook That,7427326,30
Brian Hull,7407313,24
Ã£Æ’Â¯Ã£Æ’Â¼Ã£Æ’Å Ã£Æ’Â¼ Ã£Æ’â€“Ã£Æ’Â©Ã£â€šÂ¶Ã£Æ’Â¼Ã£â€šÂ¹ Ã¥â€¦Â¬Ã¥Â¼ÂÃ£Æ’ÂÃ£Æ’Â£Ã£Æ’Â³Ã£Æ’ÂÃ£Æ’Â«,7389323,6
KBS World TV,7361683,3
euronews (in English),7353875,25
Big Marvel,7323283,15
ASMR Darling,7316390,7
C-SPAN,7308845,28
Daniel Howell,7298244,4
Dorkly,7276493,6
The School of Life,7242558,32
Leroy Sanchez,7219025,12
BÃƒËœRNSmusicVEVO,7190304,14
Kaplamino,7173978,9
Freddie Lister,7151971,7
NickJonasVEVO,7069856,25
Recording Academy / GRAMMYs,7054634,7
JasonAldeanVEVO,7044089,7
E! Live from the Red Carpet,7042359,13
Candide Thovex,6997284,6
dope2111,6915252,4
ThirtySecondsToMarsVEVO,6900112,8
RM Videos,6890169,45
NBC Sports,6839205,24
The Bella Twins,6826745,16
MN khan,6802599,5
Jenny Nicholson,6761567,42
RAP DAILY,6732940,7
PsychoSoprano,6722392,11
Patricia Bright,6707897,10
Carla Resendiz,6692044,8
carrieunderwoodVEVO,6677347,6
NiallHoranVEVO,6658698,10
FailArmy,6610961,3
hp_overload,6599794,7
HowToBasic,6599715,3
BRIGHT SIDE,6582622,5
Howl Of A Dog,6549569,5
BBC Earth,6482422,40
Nick Ramos,6436629,5
JOLLY,6411264,22
SB-LII Commercials,6377720,9
Australia,6365560,9
JackWhiteVEVO,6361229,12
ELLE,6332596,11
Wendy Williams,6306370,22
The Real Daytime,6266151,25
NBA on TNT,6262486,7
Avocado,6245242,2
Cole and Marmalade,6205719,16
Chloe x Halle,6178272,17
Simon and Martina,6173193,24
SUPERFRUIT,6137973,15
matt,6110345,8
KaneBrownVEVO,6086269,15
"But First, Coffee",6073847,3
Refinery29,6068962,91
Lisa Eldridge,6054114,19
TheBackyardScientist,6037569,7
UrAvgConsumer,6017708,8
MiguelVEVO,6006029,11
ViralHog,5979781,36
Ã¬ËœÂÃªÂµÂ­Ã«â€šÂ¨Ã¬Å¾Â Korean Englishman,5963784,6
RedCurtainEnt,5961158,3
Patrick Nan,5960191,5
The Telegraph,5940518,8
Klossy,5933371,17
DisneyMusicVEVO,5916587,7
sWooZie,5913141,5
Zero Media,5869635,3
Bethany Mota,5849270,5
iHasCupquake,5823433,7
Strictly Dumpling,5809054,8
The Pet Collective,5730942,9
ChrisStapletonVEVO,5720718,20
Guava Juice,5706756,6
Fifty Shades,5697328,3
Wong Fu Productions,5643111,20
ConnorFranta,5614775,32
Rclbeauty101,5599488,8
MoreZoella,5596985,6
ÃÂÃÂ»ÃÂµÃÂºÃ‘ÂÃÂµÃÂ¹ ÃÂÃÂ°ÃÂ²ÃÂ°ÃÂ»Ã‘Å’ÃÂ½Ã‘â€¹ÃÂ¹,5579079,1
KylieMinogueOnVEVO,5572363,6
Jesse,5529291,8
ThreeDaysGraceVEVO,5527420,7
ABC7,5506919,7
ALL URBAN CENTRAL,5491645,8
BachelorsPadTv,5489920,6
Tia Mowry's Quick Fix,5489420,6
Mashed,5488331,7
Paramount Network,5482985,8
JamesAVEVO,5465397,5
Noah Nicholls,5444065,4
Maddie Ziegler,5432939,11
Food Wishes,5405852,24
Anna Akana,5389630,27
CNNMoney,5385040,14
Michelle Khare,5303023,33
Roy Moore for Senate,5247547,8
GamingWithJen,5204680,7
SugarlandVEVO,5198965,12
Kandee Johnson,5197937,20
WOWPresents,5152253,21
MariahCareyVEVO,5149796,12
ET Canada,5124037,6
StingVEVO,5102092,8
DanTDM,5093448,3
EltonJohnVEVO,5050726,6
Fleur DeForce,5050456,18
grandayy,5050182,6
JamesBayVEVO,5049890,12
How To Make Everything,5041776,17
Quicken Loans,5021256,9
Sprint,4983540,5
Anna Saccone,4962538,5
mmschocolate,4856227,15
Cat Man Chris,4812051,12
MyLifeAsEva,4809601,7
Jeopardy!,4801836,7
MSNBC,4780540,37
Comedy Central,4753081,7
Warner Bros. UK,4750222,7
BenTheBondsman,4722506,8
kehlani parrish,4721197,9
dodieVEVO,4684398,12
KeithUrbanVEVO,4671903,14
Olympic,4670431,10
I Like To Make Stuff,4634436,4
AntsCanada,4622106,6
Hydraulic Press Channel,4600322,13
CNBC,4586065,28
EA SPORTS FIFA,4566662,6
MITCHELL WIGGS,4549074,3
WXYZ-TV Detroit | Channel 7,4545273,7
Andrew Lowe,4520045,7
Vance Joy,4505738,13
CBS New York,4489513,13
FX Networks,4453454,22
Scotty Sire,4439770,6
Famous Celebrities Snaps,4437501,11
MGMTVEVO,4413729,7
TurboTax,4370697,11
Monster Cable Products,4355010,9
Mashable Daily,4292643,6
Freedom of the Press Foundation,4278714,12
Huxley Berg Studios,4262244,9
Good Morning America,4252433,23
Netflix Asia,4228105,7
Waterjet Channel,4222139,10
VICE,4209236,10
Demi Lovato,4197884,7
Studio C,4195782,8
Cam'ron,4193017,5
Tpindell,4182989,8
LukeCombsVEVO,4167194,12
Comicbook.com,4166744,12
UFC - Ultimate Fighting Championship,4164529,7
People are Awesome,4151749,9
Sailor J,4147944,30
Casey Holmes,4099561,16
VICE News,4088723,23
Mikey Murphy,4047328,6
amc,4046703,12
DanAndPhilGAMES,4033755,6
R3HAB,4019979,9
BreakingBenjaminVEVO,4019099,5
clothesencounters,4009016,16
BjÃƒÂ¶rk,4003900,23
ElectroBOOM,3981785,13
jennxpenn,3956094,12
NZPoliceRecruitment,3921025,6
ColliderVideos,3905050,53
Miss Universe,3889363,6
Shawn Johnson East,3866858,10
Summoning Salt,3854531,6
The Hollywood Reporter,3841860,35
PatrickStarrr,3754706,8
Teen Vogue,3746552,24
Toyota Global,3730960,7
MyHarto,3728970,16
BuzzFeed Nifty,3672371,24
Hamilton: An American Musical,3672322,7
TV Promos,3665480,20
Thomas Sanders,3662971,17
Diet Coke,3660760,8
RackaRacka,3650323,3
Nikita Dragun,3629441,8
Motherboard,3594802,8
Swish Daily,3574548,3
TopClips247,3562683,4
Peter McKinnon,3541124,8
Daily Caller,3527339,3
NowThis World,3513639,5
CBC News,3508302,10
Nile Wilson,3508054,11
TMZSports,3505996,1
PONY Syndrome,3473591,7
EverythingApplePro,3456350,5
CBS Sunday Morning,3450547,12
Rebel Wilson,3426561,9
The Key of Awesome,3418838,9
Yoga With Adriene,3397020,7
Jack Coyne,3387722,11
Genius,3357035,15
Portugal. The Man,3356296,18
Dave Lee,3343806,10
Daisy Marquez,3331483,6
FOX Sports,3328895,21
Markiplier,3296098,5
heyitsfeiii,3295686,5
BBC Music,3293506,3
Esther Bellido,3292899,5
JÃƒÂ¡n IlavskÃƒÂ½,3281173,4
Laura Lee,3244244,6
West Midlands Police,3236524,5
foofightersVEVO,3225798,8
KFC,3225221,7
Verizon,3222759,7
Third Leg Studios,3217651,13
Christen Dominique,3208887,7
Piece Of Me Tour Planet Hollywood,3206710,8
Christine Sydelko,3204278,6
CBS Los Angeles,3194316,43
Awkward Puppets,3193367,6
Inside the Magic,3189718,9
The Talk,3181976,26
PrettyMuchVEVO,3177869,14
New Orleans Saints on NOLA.com,3175208,9
BMW USA,3174474,3
XAmbassadorsVEVO,3171577,13
The Orchard Movies,3136894,10
Buttered Side Down,3132338,19
Michael Dapaah,3128136,9
Berd,3123806,14
Sugar Pine 7,3123696,14
OneBitMusicVEVO,3110803,3
Corridor,3098057,5
ELLEUKTV,3091426,7
Corinne Leigh,3083103,7
Lucas,3079154,12
Muselk,3056994,6
LD Entertainment,3044534,6
PB Comps,3038266,6
Dj Earworm,3034381,7
Grandpa Kitchen,3023782,7
The Oregonian,3023652,9
CNET,3021717,24
DamonAndJo,3015367,37
Super Netvid,3014847,1
HouzzTV,3003540,7
It's Okay To Be Smart,3000905,10
Radovan Lazic,2956469,2
Lofty Pursuits,2953345,5
Laura in the Kitchen,2945684,26
Yes Theory,2920522,8
KKandbabyJ,2915320,9
Cody'sLab,2892443,8
Architectural Digest,2892284,5
PLAYERUNKNOWN'S BATTLEGROUNDS,2892032,6
Avocados From Mexico,2867651,4
Persil ProClean,2858154,7
Brad Mondo,2854513,10
ChangeofplanZ,2826033,6
blackbearVEVO,2822309,4
Funny Commercials,2821311,3
standupmaths,2798640,16
grav3yardgirl,2798217,11
Chris Turner,2791032,7
ANDREW HUANG,2790190,21
United Launch Alliance,2776246,13
TheScriptVEVO,2774676,11
alt-J,2769646,7
LecraeVEVO,2695370,13
FightHype.com,2680141,18
AT&T,2673056,5
Eva Lunde Bentley,2671536,8
Numberphile,2669307,12
Wassabi Productions,2661437,6
Banana Culture Music,2661336,2
Vlogs By DK4L,2652236,6
tonyvera1902,2633276,6
H&M,2623070,8
Jason Yu,2615721,6
Man About Cake,2611893,16
Funny New Videos,2594748,4
Lame Videos,2583029,3
Nerdist,2581366,12
Shoshana Bean,2575740,7
Coca-Cola,2559038,4
CaptainDisillusion,2554074,9
Squarespace,2543558,4
BellatorMMA,2517679,2
CamVEVO,2507442,9
Gigi Gorgeous,2505629,7
jenniferhudsonVEVO,2461736,7
PetaPixel,2457408,1
USA TODAY,2454681,36
New York Daily News,2430114,8
John Campea,2411621,43
ScreenJunkies News,2409936,38
PointlessBlogVlogs,2406749,5
BeckVEVO,2386317,7
Epicurious,2386207,2
BrantleyGilbertVEVO,2363589,7
LIVEKellyandRyan,2353851,27
Sufficiently Advanced,2348034,8
Chili Klaus,2343247,3
doddlevloggle,2336975,6
Nicol Concilio,2336425,7
DonDiablo,2329716,5
Pero Like,2329316,6
Dancing With The Stars,2325706,13
Dawid Szmandra,2324333,8
Victoria's Secret,2316654,7
Rachel and Jun,2284670,2
Janelle MonÃƒÂ¡e,2283498,6
GreatScott!,2270837,11
Spotify,2261008,9
CupcakeJemma,2254012,23
ColdFusion,2249459,8
Bkav Corp,2247876,2
Max Fagin,2242004,7
J.J. McCullough,2238989,12
WhatCulture Wrestling,2226514,6
The Valleyfolk,2219026,8
AaronsAnimals,2207374,12
Business Insider,2195754,33
Dr. Sandra Lee (aka Dr. Pimple Popper),2176096,12
Tina Yong,2171817,7
Nickelback,2163388,7
Beats by Dre,2152261,1
Why Don't We,2134458,3
CrowsEyeProductions,2122761,5
Blue Origin,2118215,8
Davie504,2103375,7
Philadelphia Eagles,2101312,6
Anew Start,2082164,6
NBA Highlights Ã‚Â· YouTube,2063293,7
Adam's Apple,2063267,5
austinmcconnell,2042338,13
ScreenPrism,2042168,14
PeterSripol,2038260,6
ChvrchesVEVO,2033978,6
Gatorade,2031164,2
My Self Reliance,2024741,12
officialcharlixcx,2005775,12
Max Skipper,2000143,7
Extra Credits,1993489,6
Chubbyemu,1988301,3
TechCrunch,1986576,11
MTV International,1969687,6
Keith Urban,1962651,6
Millie T,1957326,7
Passenger,1953666,7
The Royal Family Channel,1952878,15
Keke Palmer,1940696,14
Troye Sivan,1937252,5
Vet Ranch,1936133,5
Campo Santo Productions,1935545,7
Shade 45,1927753,8
Eater,1922159,21
LadBaby Official,1911447,10
Alex Meyers,1907690,8
This Is Us,1899806,8
JamesBlakeVEVO,1894274,6
Andrew Rowland,1888321,5
WeatherTech,1886555,4
MAZELEE,1886026,6
DoritosÃ‚Â®,1881906,2
Top Korean News,1876334,8
jessiepaege,1874310,15
Slooh,1869637,6
CatPusic,1859327,4
Vinheteiro,1855819,8
Al Jazeera English,1849646,26
Asthmatic Kitty Records,1839807,6
LukeBryanVEVO,1835018,15
SigridVEVO,1824117,6
Makeupshayla,1819491,6
Laura Kampf,1818974,16
SPORTSNET,1817566,13
TheMeanKitty,1815703,3
Newsflare,1813073,6
FIFATV,1812795,6
Sesame Street,1811365,4
WhatsUpMoms,1811012,5
SiriusXM,1805745,15
LiamPayneVEVO,1787999,5
Shesez,1785251,5
TheBeatlesVEVO,1776501,4
Emirates,1771676,5
TheHoonigans,1770190,5
Wall Street Journal,1755440,8
Trace Cyrus,1752406,7
BBCRadio1VEVO,1738414,13
LifeAccordingToJimmy,1737228,8
Alabama Crimson Tide on AL.com,1731332,5
IAmAnneMarie,1726336,5
TheCubician,1724081,6
WFLA News Channel 8,1717283,7
Alex Gilbert,1717257,7
LoeyLane,1716674,7
Tom Harlock,1715725,7
PaweÃ…â€š ZadroÃ…Â¼niak,1715221,7
Rise,1713328,4
JuJu Smith-Schuster,1704488,4
SKITTLESbrand,1700600,8
Everyday Astronaut,1697749,13
merrelltwins,1693093,4
KATC,1680353,5
Lane Anderson,1679819,3
Kyle Jennermann,1673771,11
Frank May,1669331,4
Russell Howard,1669230,3
emmymadeinjapan,1661782,12
MOMOMOYOUTHVEVO,1660223,2
Trailers Promos Teasers,1651713,14
JessieJVEVO,1647502,3
Ricky Dillon,1647379,4
ToniBraxtonVEVO,1645880,5
Josh Groban,1636690,15
Valk Aviation,1609149,2
CBS Evening News,1607245,10
KIND Snacks,1597750,6
communitychannel,1596177,6
Hudson Moore,1581744,8
Tyler Stalman,1581403,15
DoodleChaos,1578502,5
DragTimes,1577536,11
It's a Southern Thing,1572514,6
KTVU,1567786,5
Lorraine,1567723,10
Paris Hilton,1558854,6
Cristi Cristian,1556025,2
Tested,1546802,5
WHAT'S INSIDE? FAMILY,1544788,13
The Scran Line,1539249,37
Shmee150,1528667,4
TheSorryGirls,1521589,12
The king of DIY,1520892,6
Rita Ora,1510319,6
Solid Gold Aquatics,1509705,6
Jenn Im,1504612,6
Ozuna,1498866,1
Tanya Burr,1494705,6
StorrorBlog,1492977,2
I.T. Channel,1489992,6
The Deal Guy,1483511,10
TobyMacVEVO,1477864,5
Galantis,1467304,5
MatthewSantoro,1463506,4
Kortney Steury,1450041,4
fosterthepeopleVEVO,1448229,4
PeopleTV,1438792,12
Bill Gates,1435079,6
YTN NEWS,1419929,8
Animal Planet,1418374,7
GwenStefaniVEVO,1414601,6
Andre Black Nerd,1407282,18
BerkleyLovesTori,1405747,7
IncubusVEVO,1403575,10
Feast Of Fiction,1400086,12
Dancing On Ice,1394268,4
Dale Dai,1392244,1
4given4ever1,1386051,6
Wix.com,1373974,5
Ingrid Nilsen,1372218,14
Physics Girl,1367703,13
TheKillersVEVO,1366893,5
MinuteEarth,1363236,7
FoxSearchlight,1362374,4
Katzun,1358038,8
Bebe Rexha,1353367,4
Matt Steffanina,1345797,4
Hunter Hayes,1344582,19
lara6683,1343869,7
McDonald's,1339491,4
FILMWEBTV,1338498,5
Caspar,1336644,5
NewsFunnies,1332631,6
BaconLegs,1330172,6
TheTimTracker,1323979,12
Pitchfork,1317806,5
Car Throttle,1308578,5
Science Magazine,1303107,3
Pittsburgh Dad,1302909,6
Seth's Bike Hacks,1302485,6
The CW Television Network,1301364,17
Adam Neely,1297318,5
Alec Steele,1285670,7
Royal Blood,1283922,8
India Love,1282828,6
slaymeclarkson c:,1282029,8
Erin Noelle,1268878,5
RagnBoneManVEVO,1265911,6
Seonkyoung Longest,1264699,12
BellaThorneVEVO,1260240,6
"Cyprus Air Heating, Cooling and Fireplaces",1259046,4
Bethel Music,1257393,7
India Survival Guide,1256995,3
End of Ze World,1251036,5
Kraft Brand,1248146,7
ByronTalbott,1243787,14
Hush Kit,1241321,5
HANSE Ã­â€¢Å“Ã¬â€žÂ¸,1230525,10
Just Between Us,1227100,11
TheJuicyJVEVO,1225957,3
chris lee,1225703,6
News 5 Cleveland,1223758,2
ThePianoGuys,1222405,6
John Maclean,1218763,7
See You Yang,1217826,6
hwow,1215647,7
Toyota USA,1201986,7
stacyvlogs,1201263,9
Beme News,1201075,10
NinaNesbittMusicVEVO,1198042,5
Saint Louis Chess Club,1196820,11
Now You See It,1196375,5
IFC,1189632,8
Allie Glines,1186551,9
MrTreknation,1181377,7
Sara Dietschy,1179980,21
Squirrel Monkey,1172874,8
Street Speed 717,1166355,5
Access Hollywood,1163042,14
Mental Floss,1160661,25
MrMobile [Michael Fisher],1155974,4
Donald J. Trump Topic,1155214,3
OlanRogers,1152781,6
LustreLux,1152138,7
ScottyMcCreeryVEVO,1152025,7
IFC Films,1149718,14
BETNetworks,1143074,8
HaimVEVO,1128822,5
How to DAD,1122334,8
ARIKITCHEN (Ã¬â€¢â€žÃ«Â¦Â¬Ã­â€šÂ¤Ã¬Â¹Å“),1120759,4
That Japanese Man Yuta,1111674,1
Shameless Maya,1110217,9
AdelaineMorin,1109854,5
JP & Julia,1096341,4
Kelly Clarkson,1095642,15
Forgotten Weapons,1093644,5
CatCreature,1093311,12
Drew Lynch,1086603,11
The Rock,1083966,11
This Morning,1083689,5
SuperwomanVlogs,1072588,5
Bravo,1072149,5
Edward Avila,1069816,8
Nathan Robinson,1067078,4
Goodwillsandusky,1064013,4
SupremeSounds,1044035,2
Animal Adventure Park,1038309,9
Shyrynne,1035381,1
Peter Brown,1035003,7
Walking With Giants,1031035,6
CAguileraVEVO,1030676,8
fantano,1029580,9
L2inc,1029076,3
Molly Burke,1026401,10
Alto's Adventure,1025636,7
Hazel Hayes,1021787,6
Danny Sapko,1018573,2
leonalewis,1014765,5
Tim Gray,1013352,5
Disney Parks,1009020,10
SaggyJ,1005159,2
Blurred Culture,1005042,6
Daz Games,1000208,3
Dennis Kapatos,976061,6
Arden Rose,963110,10
Theme Park Review,961799,11
MoorInfo,958422,6
Real Madrid C.F.,951936,10
Gcincorp Ecommerce and Real Estate,945599,7
MÃƒÂ¡quina Voadora,942188,6
TheVampsVEVO,940982,5
Evan Edinger,940371,6
Vsauce2,934751,5
Tom Stanton,933815,8
TV One,931829,5
ToveLoVEVO,930627,5
Cody'sBLab,926065,7
Jessica Vu,923493,7
MaccabeatsVideos,922695,6
Matt and Kim,922543,6
danisnotinteresting,921606,5
Recanto EcolÃƒÂ³gico Rio da Prata,918887,1
How Ridiculous,913918,4
Merrell Twins Live,910520,14
Fancy Vlogs By Gab,907355,2
Beats 1 Radio,905033,11
emma chamberlain,897607,5
Max Joseph,895352,1
Check It Out,894787,1
Alpha Entertainment,894601,7
Doug Jones for Senate,893385,8
Technology Connections,887694,4
Beyond The Trailer,879400,7
Funny News,870774,2
Just Jared Jr,864971,5
PhakeNam,864560,7
KipMooreVEVO,857590,6
U.S. Navy,851915,4
Cultaholic,847019,5
Malik Nabee,846155,3
EntertainmentVevo,845262,1
Strange incident,835050,8
engineerguy,826276,5
Sailing La Vagabonde,822255,4
Tessa Violet,822179,8
Rapid Trailer,821290,6
Bret Baier,820339,7
Rob Scallon,818233,3
Moby,817445,6
INQUIRER.net,815327,9
Julien Solomita,805019,6
Billions,804500,4
Asian Boss,801140,6
David Sistaro,797804,7
David Archuleta,786640,6
Wintergatan,783946,4
Movieclips Coming Soon,782848,8
Amber Liu,772801,5
Michael BublÃƒÂ©,772722,3
Circus HalliGalli,770855,4
NBA Stats All Seasons,768746,5
MandisaVEVO,765649,5
Sports Illustrated,755643,6
Vic Dibitetto,753604,4
Ryan Davidson,744168,6
Jack and Dean,738059,5
Crusoe the Celebrity Dachshund,731637,6
Kevin Durant,728354,4
Mountain Dew,721569,2
Jon B.,719831,6
Southwest Florida Eagle Cam,718213,4
HQVideoDude,717486,5
WildTurkeyBourbon,715119,8
LexusVehicles,707265,7
ParsonJamesVEVO,706615,8
Interscope Records,705137,4
Good Morning Britain,702210,7
New England Patriots,697340,7
MassLive,696323,7
POPSUGAR,695497,4
Jon Olsson,693911,3
Derek Hough,693299,9
BleachersVEVO,692242,6
Tyler Williams,691229,1
HANSON,688533,10
yovo68,684547,2
Kotaku,684418,6
NIXOLAS,680855,8
My Virgin Kitchen,679545,7
EllieGouldingVEVO,677047,5
Alex Aiono,668645,3
StanDrawsSpaceships,668487,4
Guldies,668256,5
CYNVEVO,665088,7
FundingCircleUK,664053,2
BUILD Series,663095,11
Jacob Collier,662097,6
Hopeless Records,661607,3
Topi The Corgi,660916,14
Cosmopolitan.com,660892,6
"European Space Agency, ESA",659754,5
voordeel,658993,6
The Modern Rogue,657549,4
PBS Eons,656580,4
todrickhall,652381,8
Liam Gallagher,651947,3
DunkFest,651570,6
JarJar Abrams,643117,1
The Office US,642444,3
494ta,637942,1
The Cuddle Squad,634593,9
Hillsong Worship,632268,4
Mayim Bialik,631958,16
Anthem Lights,624703,5
LGR,613475,3
Aunty Donna,613206,6
ombremor,612401,5
Movie Munchies,607934,5
officer401,604280,5
Star Wars HQ,603859,4
Nicole Guerriero,602739,2
Itzztonytony,600850,2
Abroad in Japan,600360,5
CS Dojo,599996,4
Jessica Clements,596663,4
kimbramusic,596655,3
VidCon,594962,3
Business Insider UK,593058,13
JK Brickworks,586820,6
Absolut,586498,1
JoergSprave,581166,5
Ryan Calme,578771,3
Duncan Sinfield,576127,2
Desus & Mero,566387,4
LaMadelynn,566144,14
TNT,563674,7
AIA awards,558585,7
TiffyQuake,556909,14
Samantha Maria,556582,8
Trevor Moran,553866,1
Henry Prince Mak,552535,6
PAC ENTRETENIMENTO / DJ IVAN DAVIS,548778,3
X Games,548768,6
SHOWTIME,546964,1
JackJohnsonVEVO,543788,9
Kitten Lady,543681,7
Mike Diva,539059,6
Steve TV Show,533630,9
Lucy Moon,532472,12
geicocaveman2012,530967,3
Chris Reinacher,527908,8
Like Stories of Old,527044,3
NitroV2,524217,6
The Thought Emporium,519630,6
Popcorn with Peter Travers,513918,5
BeOurGuest,513554,5
Golden State Warriors,513465,4
Joan Kim,513000,8
Techmoan,508899,4
The Ohana Adventure,506612,7
souviendra,506362,6
KISS FM UK,506043,6
Christopher Davis,503761,7
mittromney,501831,6
Bruce Land,500381,6
Jessii Vee,497080,5
Peloton,495919,5
nickjonas,495637,9
Omaze,495347,9
The Square to Spare,495118,6
CrazyLaughAction,494534,4
Funny Or Die,494239,9
The Lore Master,491300,4
cocheusadoooo,489259,3
Donut Media,482313,4
Access,479915,6
Tom Daley,477464,10
mugumogu,477173,10
cineytele,467030,2
Exploring Alternatives,466876,4
New Scientist,465893,1
Nobrand,464396,4
Frog The Rooster,463694,2
BBC America,461086,9
Pomegranate Sunshine,459914,6
What I've Learned,459479,2
Cleveland Cavaliers on cleveland.com,458973,6
Ryan Williams,456724,5
RawBeautyKristi,455842,5
Redline Reviews,454709,4
CondÃƒÂ© Nast Traveler,453497,8
Carly and Erin,452549,5
Tamar Chronicles,451356,1
MsAaliyahJay,451113,2
thevirts,447339,4
XenonJohn,445768,9
J S,442190,2
Amazon.co.uk,438045,5
Parks and Recreation,432930,7
2CELLOS,432186,2
Big Ten Network,416925,5
Sriram Murali,415228,9
Youtube Tea,413650,8
Chad Kroeger,412812,1
Elton John,408977,6
X Factor Italia,407107,2
Samsung Mobile USA,405964,7
EstÃƒÂ©e Lalonde,405897,3
onsetfacilities.com,404058,1
Missouri Star Quilt Company,401909,9
The Atlantic,400933,11
TRL,391341,5
SB Nation,391333,4
Kayley Melissa,391075,11
Turn10Studios,390634,7
Late Show with David Letterman,386441,2
Magnolia Pictures & Magnet Releasing,383670,6
mvt.ias,383216,3
Mamrie Hart,382966,3
SuperCarlinBrothers,382949,2
Inthefrow,380708,4
E! News,378952,15
ilikeweylie,378807,5
Choir! Choir! Choir!,376955,4
Senator Chris Murphy,371306,8
Campari,368741,3
The Unipiper,368536,5
Applied Science,365461,7
WE tv,361732,13
Shaaanxo,361165,2
Anaki Abo,358597,1
Reach Records,355827,8
LaurDIY,355429,1
Kyle Gunderson,355321,5
Vote The Process,355227,4
Jessica Braun | JAMbeauty89,354169,5
NFL World,351884,6
Be Amazed,350207,5
DJI,347586,4
BehindTheSounds,347321,4
Peter Caine Dog Training,347282,2
Honda,347229,6
mayratouchofglam,345015,3
Function,344879,7
Peaceful Cuisine,343037,5
Cody'sLab Backup,342379,5
Channon Rose Vlogs,340859,3
startelegramvideo,339941,4
Chicago Sun-Times,337585,7
Lauren Elizabeth,336452,5
FOX,335797,10
ElbowVEVO,335100,2
TED,334974,7
DreamCastle_629,333734,6
BrettYoungVEVO,333558,4
cgriesemer,332627,6
FOX Soccer,330333,8
Hannah Meloche,327407,4
RachelPlattenVEVO,326520,5
Sam Sheffer,321664,5
Symon,321089,5
FliteTest,319572,4
East Idaho News,317988,6
empireofthesunvevo,317301,2
nothorwitzer,317049,8
lisbug,315699,5
Red Robot - Intelligent Distribution,313531,3
Chevrolet,312930,4
Maggie Lindemann,312655,3
Pixielocks,311572,10
KFlayVEVO,310355,6
Barn Sanctuary,308985,2
Pop & Sports HQ,305899,1
JAY,304415,4
Ford Motor Company,302706,3
Brian Klug,302393,6
Sound Bites,300923,6
3Blue1Brown,298666,1
monatheband,296708,2
Polyphonic,294806,2
heroedelahistoria,294757,6
HiHo Kids,293612,2
AlmazanKitchen,291454,2
Zach Simmons,291189,5
colourpopcosmetics,290848,4
Associated Press,287119,21
Darren Criss,284049,5
Will Darbyshire,283392,7
Strange Parts,282580,1
devinsupertramp,277859,2
Lifetime,277438,5
Sport Hub,276569,6
Izac Less,276540,3
Radio Andy,276219,6
Sauber F1 Team,275040,2
STX Entertainment,274257,6
UJ,271369,5
Chris Hadfield's Rare Earth,269507,5
The Bachelor Insider,267381,4
Tony Baker Comedy,265286,5
CrashCourse,261871,6
Dustin Penner,261544,4
Bachelor Nation on ABC,261065,7
GohmertTX01,260000,6
Whitney Avalon,259070,6
dannotv,258506,1
Errant Signal,258330,5
Midnight Video,258080,4
Los Angeles Times,256597,10
MrNorrisVideos,255161,2
TimandFaithVEVO,254519,5
Taylor R,252379,2
Tryst Network,250298,5
Despierta AmÃƒÂ©rica,249627,6
FreeDawkins,246361,9
The Cincinnati Zoo & Botanical Garden,245722,4
Barcroft Animals,245627,9
The New Yorker,245242,5
Storyful News,244532,1
Chris and Jack,242990,2
"One List , One Life",241520,6
LaToya Forever,240801,5
shurap,240246,3
MeganBatoon,239621,3
kawaiisweetworld,238467,3
Mayo Clinic,237307,1
kmichelle,236609,2
Duan Mackenzie,235838,3
Smyang Piano,234553,6
Jalopnik,234387,5
Viva La Dirt League,233460,4
hudsonunionsociety,233441,7
Helen Anderson,232032,3
Halfway Anywhere,231541,4
Bundesliga,230864,2
MYSTERY SCIENCE THEATER 3000,229716,10
CFL Insider,228099,5
Ryan Northover,227989,6
CrossKut316,227777,2
FaeryInLoveInc,226629,4
PostmodernJukebox,226088,1
Marco Reps,225914,7
PrincessPiaMiaVEVO,224819,2
Cloth Map,223952,3
Nickelodeon,222821,3
Doctor Mike,222545,4
paul wheaton,221425,3
Frankie Vision,220548,1
Star Wars Coffee,220237,8
greyson97,219215,5
Hin Nya,218855,1
Official Charts,218781,10
Nathan C,215552,5
ThisDustIn,214742,3
Roadshow,213860,4
Monster Energy,213682,2
Gondwana Collection Namibia,213584,1
Useless Duck Company,213163,4
Specialized Bicycles,208577,4
SnekTek,204398,3
Sherylcrow,204105,4
Recode,203127,6
Steeper33,201706,3
Livia Giustiniani,200257,4
WTHR,199435,7
NASA Goddard,198191,5
Technomanila,197714,6
Big Cat Rescue,197455,5
QUARTZ,196913,3
reputationswift,195058,6
MattMasonPhotography,194693,2
SBS TVÃ«Ââ„¢Ã«Â¬Â¼Ã«â€ ÂÃ¬Å¾Â¥xÃ¬â€¢Â Ã«â€¹Ë†Ã«Â©â‚¬Ã«Â´Â,191934,2
Rappler,191869,3
Popular Woodworking,191448,4
Rainer Hilland,190023,5
Pac-12 Networks,189886,6
Marteen Estevez,188200,5
Amelia Liana,186306,3
Shantell Martin,186274,4
Adult Swim UK,186062,5
Mecum Auctions,184459,2
SRAM MTB,183730,3
Mark Ferris,183572,4
Confuse News,182858,2
NASCAR,182590,4
D3sports.com,181242,5
MODSUN,180919,1
ÃÂ¢ÃÂ¡ÃÂ,180711,1
The Angie Martinez Show,180119,5
MassMutual,179241,4
SHOWTIME Sports,178435,6
12 News,177970,2
Tucker Gott,175852,1
Srinath .S,174320,2
CBS,173252,7
ATPWorldTour,171452,3
David Windestal,170351,5
KSNV News 3 Las Vegas,169511,1
Obama Foundation,169118,3
Barstool Sports,168760,7
NOLA.com,167121,7
Special Books by Special Kids,165256,5
AutoGuide.com,164656,3
52 Skillz,164490,4
Jamie Demeter,163780,1
StoryCorps,162346,5
smoothiethecat,160527,3
CMAVEVO,159222,3
SIRAH,157979,5
TheGracieC,156094,3
melodysheep,154695,5
Momentum Pictures,153584,9
BTS Videos,153341,1
Sports Lovers n1,151148,5
Dina Tokio,149928,2
neilyoungchannel,149839,2
3D Printing Nerd,144852,3
Highsnobiety,144133,5
Jake Roper,143597,1
Jessica Kellgren-Fozard,142863,6
The Tommy Edison Experience,142024,6
rollingstoneonline,141352,3
TSN Tube,141052,1
Auralnauts,140784,2
James Veitch,139989,1
MOBO Awards,139451,4
Xscape - Topic,137756,4
David Jardine,136175,4
CBS Chicago,135585,6
Mr Ben Brown,135026,4
Kingsley,131287,5
Cartoon Hangover,131083,2
Kelly Eden,130715,5
Torm place,127907,4
Canada Soccer,126927,3
Movie'n'co UK,124733,4
Wendy's,124022,1
gamelovercommercials,123153,6
RetroManCave,121971,8
In Case You Missed It,120474,2
Healthcare Triage,119893,8
FloSports,116600,4
The Ringer,116487,5
RocketJump Film School,114859,4
The Anna Edit,112510,1
Spinach Dippa,111661,2
The Sports King,111141,5
IGN News,110977,10
blvck King,110416,3
Haru the Shiba Inu,109804,2
cicigoodies2011,109664,6
Us Weekly,109438,3
MDNA SKIN,109222,2
Terrormink,109170,5
Loudwire,108570,5
The CGBros,106718,4
Onur AltuÃ„Å¸ Sever,106135,6
NASA,106127,3
It's a small world,105203,4
Tina Nguyen,105157,5
Daily Davidsons,104586,4
razzark666,104148,2
Maddie Lymburner,104116,4
Penguin Books UK,103084,2
Nicki Shields,102765,3
XFL,102749,4
mike m,102560,1
Chriselle Lim,102062,3
LissieVEVO,101583,6
TraceyThornVEVO,101406,5
bigclivedotcom,101100,2
AirPano,100412,2
Enter Shikari,99619,1
Rachelleea,98962,5
Daelric,98287,2
Caravan Carolyn,97321,4
So I Had This Idea...,97217,1
Chappell Roan,96111,3
Alicia Keys,95944,1
Elvis Duran Show,95505,6
poofables,95085,1
Unique Vibes,94323,5
marjolijn2,94077,3
Lily Pebbles,91167,1
Karim Jovian,91110,4
60 Minutes,90552,2
Caters Clips,90454,1
Apple Support,90362,5
Sevdaliza,90206,1
Mustache Wax,89905,3
EVNautilus,89132,1
Ben Rohrbach,89113,5
Feelunique,87785,5
Royal Academy of Arts,87284,5
Aymeric Favard,86075,5
Writers Guild of America East,85459,3
Navenanthen Gepardieu,84501,4
MisterWivesVEVO,83853,5
DopeBoyTroy,83768,5
KickThePj,83200,1
Mercedes-Benz,82801,2
RealNewsNetworkMedia,82700,3
Huw Parkinson,82573,6
Tu Fan,82087,1
legofreedom1,81709,5
Summit,81647,5
gzumwalt,81483,6
SR Trailers and Interviews,81445,4
flirppy242,80022,3
World Eyes,79533,6
Hollyscoop,79137,3
Oscar Fury,78493,4
JimBrowski 96HourNews,78474,3
DrMachakil,77798,3
Brothers Green Eats,77630,1
Syracuse Orange,76190,5
Dylan Locke,75929,2
lugeyps3,75807,3
Invisible People,74868,2
Andy Grammer,74566,2
Empire,73730,3
Bob Przybylo,73390,6
Channel 4,73387,3
Philadelphia 76ers,70814,5
CBS Philly,70221,3
First Aid Kit,70077,4
WGA West,69555,5
Paul Sellers,68025,2
Whyte Foxx Music Videos & More,67944,2
Real World Records,66888,4
Kevin Noonan,66740,5
Emma Massingale,66436,4
DrakeBellVEVO,65973,1
Kat Cunning,65739,3
The Inertia,65371,1
TheUnlockr,65222,7
Tom Thum,64822,3
AmandaMoor & Craft Ideas,64719,4
Bloomberg Politics,64316,6
Tony Berza,63448,2
Fontgod,63389,5
Domain of Science,62062,2
Nat Geo WILD,61977,1
Business InsiderAu,61875,5
Turbo Conquering Mega Eagle,60624,3
Topic,58585,4
MK Dons,58437,3
Amanda Palmer,57481,2
Benn and Gear,57047,2
Matoma,56602,3
Mom Will Be Proud,56466,2
Katy Perry,56012,1
MovieAccessTrailers,55746,3
Whitney Port,55398,1
Hannah Witton,54584,2
COVERGIRL,53276,5
Talks at Google,53000,1
Tim Barrett,52428,2
Townsends,52299,3
Marie McGann,51051,6
Bloomberg,50503,2
Catch-Up TV,50019,2
Clark Zhu,49596,4
NBA on ESPN,49357,5
Xbox,48735,1
Vat19Nvjds,48416,3
The Players' Tribune,47122,3
Braxen McConnell,46980,5
Just Marcus,46706,1
Smequle,46303,2
Austin Burk,45967,6
misleadingsilhouette,45096,1
FerrasVEVO,44195,3
730 WVFN,43896,5
Lamborghini,43585,2
FrownsUpsideDown,43332,4
ChloexHalleVEVO,43072,4
RESSENCE WATCHES,42187,3
Kanimuna Kisaka,42088,4
Eric Strebel,41509,10
Genuine Survival Research Labs,39113,2
Video Library,38824,3
Outback Steakhouse,38782,4
PhilPhillipsVEVO,38068,1
HACKADAY,36823,14
YBF Chic,36719,11
MARIO TESTINO,36452,5
Oceana,36420,5
MLB,36411,4
Audience Network,35543,3
Marcos Horacio,35332,4
Mike H,35257,4
Billy Graham Evangelistic Association,35053,1
Max Hertan,34746,4
Represent.Us,34212,3
CityNews Toronto,34133,1
greeenpro,33547,3
K Yuen,33260,1
Dish Nation,33230,3
pjmorton,32837,2
NoahKahanVEVO,32509,3
MiddleKidsVEVO,32433,2
Trevor Wallace,31048,4
astroboy1960,30858,2
Amarullah Rizky,30801,3
tovestyrkeVEVO,30716,3
ROME REPORTS in English,30508,3
Lawrence Livermore National Laboratory,30361,1
ClovesVEVO,30260,1
The University of Chicago,30184,4
TrainVEVO,30021,1
toofacedcosmetics,29617,2
Rainsford,29054,4
Guinness World Records,28539,1
Disneyland Experience,28303,3
David Steuer,27779,1
BrianJustinCrum,27010,1
Ã©Æ’Â­Ã©Å¸â€¹Ã¨Â¾Â°,26964,2
PekingDukVEVO,26117,1
Bini the Bunny,26102,1
Movieclips Film Festivals & Indie Films,26033,1
shoaib246,25796,1
Maker's Box,25780,3
vnbreyes,24546,8
yeokm1,24311,1
BAFTA,24248,1
Spectrum Haleskarth,24247,4
theSkimm,24205,2
Ford Europe,23852,2
Humble Design,23634,1
Stefany Gonzalez,23442,2
WQAD News 8,22872,3
Birdbox Studio,22695,1
American Bridge 21st Century,22690,1
Plasma Channel,22660,4
Hak5,22417,2
Commercials Funny,22034,1
Freemeo,21441,2
Entertainment Weekly,21321,6
Gregg Peterson,20581,3
Milkmen Design,20507,4
WLKY News Louisville,20229,3
NWSSanDiego,19932,4
DKDKTV,19662,3
Prince Marcus,19462,3
Car Commercials of the Past,19021,4
ladygagaarraza,18916,1
VOsprey22,18856,6
Davey Swatpaz,18832,2
Mark Linsangan,18783,2
Voicebot,18578,5
Red Bull Records,18278,3
Tegan and Sara,17855,3
Hybrid Network,17081,2
Kita Osaka,16910,3
Crafty Panda,16433,2
LetsGoWarriors,16305,1
Quad9 DNS,15940,3
Tamika Hall,15658,3
VideoGameAds,15658,4
AFP news agency,15574,4
"monday.com, formerly dapulse",15544,3
DaHoopSpot Productions,15532,6
Viral Paws,15461,2
Billboard News,15451,4
The Sydney Morning Herald,15321,5
HARRY,15311,4
Carlos Campos,15245,4
RZSS Highland Wildlife Park,14501,4
Geoff Mallinson,14363,3
GrDrtube,14289,1
FRANKIEmusicVEVO,14223,2
Masters Of The Sun,14142,3
automotivemaster1972,14131,6
The Current Source,14114,4
Any rubbish,14014,3
Radio Physics and Electronics,13958,4
Hot Dad,13676,1
UCAN Zippers USA,13648,3
Flash Rahbbit,13361,2
lugnutsoldcrap,13061,2
ekaggrat singh kalsi,12787,2
jeremiah johnson,12749,4
NOVA's Secret Life of Scientists and Engineers,12740,4
Blockbuster,12609,1
Charles Chan,12515,1
BeyondSlowMotion,12468,1
John Varvatos,12281,3
FlyFastandLow,12177,3
Must Love Science,11924,2
Josh Levine,11638,6
Rock & Roll Hall of Fame,11594,2
F Milburn,11486,4
CBS Miami,11104,6
daronjay,10991,3
bitluni's lab,10891,1
Joshua Levin,10845,2
RihannaNavyVevo,10754,1
Desktop Makes,10741,3
GinWigmoreVEVO,10682,2
MILCK,10668,2
SiggasNationÃ¢â€žÂ¢,10525,1
LOFTON SHAW,10437,2
Slednecks,10259,2
Kerry Wong,10247,3
iotexpert,10067,3
CyclingTips,9911,2
eba era,9699,3
CoinDaddy,9577,1
Electron Dust,9353,2
HOTSPOTATL,9331,3
Atlanta Hawks,9202,3
Sieuwe Elferink,9181,2
Speks,9158,4
iDB,8436,2
Voltfolio,8266,3
Mike Olbinski,8177,1
Freeform,7978,1
John Sellars,7936,5
truTV,7829,2
IsraeliPM,7681,2
Define American,7427,4
Context Information Security,7392,2
Dean Anderson,7325,1
Tentmaker Pictures,7275,3
NARLtv,7244,2
Kevin Stein,7151,3
revlon,7130,1
Kevin Rabatin,7087,3
Bee Ly TV,7083,3
Shawn,7036,1
Saved By The Max,7008,3
National Safety Council,6832,3
Michael Rigsby,6771,4
Penguin Books South Africa,6736,3
New York Magazine,6633,2
Stewart Brand,6412,1
Science vs Cinema,6320,1
edlover4real,6172,1
Saskatchewan Rush,6153,3
I'm With Her,6148,1
Ross Kempsell,6027,2
Na So We See Am,5933,3
FacelesswithEyesOpen,5840,2
Taylor Alexander,5584,1
PK Inventor,5509,1
Pies Are Awesome,5373,3
littleBits Electronics,5361,3
CNLohr,5224,1
negermano,5209,2
Nahre Sol,5149,1
Aerie,5144,1
The Scam On Demand,5107,3
Taras Malyar,5086,2
Newsy,4953,6
Caterham Cars,4850,1
Skelly Robot,4767,1
Rob Andretti,4644,2
dekuNukem,4636,3
Madmorda,4541,1
J Gasser,4468,4
Missguided,4371,1
JanPaul123,4253,1
Facelesstech,3927,3
9-1-1 on FOX,3911,3
TDAmeritrade,3831,1
Neil Fraser,3812,2
Thomas Sebastian,3788,1
University of Rochester EEOC Complainants,3773,4
taalk com,3757,3
The Nocturnal Alchemist,3712,2
Republican News Watch,3596,1
Chris Sturgeon,3438,1
Maggie Smith KÃƒÂ¼hn,3411,1
DraftExpress,3384,2
MickMake,3237,1
Grist,3133,1
CIRCUITBEARD,3114,1
Adam Whitley,3053,3
Single Shot,2951,3
Sarasota Police Department,2769,2
WhatsApp Wacky,2585,1
Cleveland Browns,2416,2
Vostok.bike,2322,2
Steve Kovach,2259,1
Palo Alto Online,2116,3
Jenny Hanell,1827,1
CHauserable,1807,1
Total Combat,1722,1
OjO Commuter Scooter by OjO Electric,1706,2
GoDucksdotcom,1391,2
90s Commercials,773,1
