channel_title,Total Views,Count of Trending videos
NFL,124942646,99
ESPN,37258928,96
Netflix,41710723,95
Vox,63874340,95
NBA,33632887,94
First We Feast,84377565,93
Refinery29,6068962,91
The Tonight Show Starring Jimmy Fallon,68543272,91
Tom Scott,35403212,88
TheEllenShow,82770028,86
The Late Show with Stephen Colbert,60734102,85
CNN,24910046,85
Late Night with Seth Meyers,82677166,85
WWE,170551952,83
Life Noggin,37238007,81
INSIDER,28820579,80
Saturday Night Live,182287923,80
Jimmy Kimmel Live,77585536,79
Screen Junkies,114955368,78
Washington Post,17644405,76
Warner Bros. Pictures,189379185,73
Great Big Story,13713854,72
Bon AppÃƒÂ©tit,39802953,71
The Late Late Show with James Corden,122739227,71
TODAY,21983555,71
WIRED,124237402,70
ABC News,9666836,70
CollegeHumor,51641920,70
20th Century Fox,344947728,68
E! Entertainment,28668844,67
Inside Edition,22910839,66
Marques Brownlee,96943703,66
Watch What Happens Live with Andy Cohen,8954852,66
iJustine,24563977,63
Full Frontal with Samantha Bee,32973495,63
BuzzFeedVideo,54433004,63
NBC News,11780242,62
William Osman,22948742,61
The Dodo,34568943,61
TED-Ed,18690209,61
Vogue,63603286,58
Smosh,76700739,57
Good Mythical Morning,38962432,57
CinemaSins,98660965,57
ExplosmEntertainment,69368674,56
IISuperwomanII,109652282,56
The King of Random,48705428,56
The New York Times,14660223,56
The View,13901806,56
Vanity Fair,40542008,56
vlogbrothers,12230458,56
CBS This Morning,15691125,55
CBS News,19322495,55
BBC News,23850270,54
ColliderVideos,3905050,53
Guardian News,17929278,53
Universal Pictures,461273964,53
Simon's Cat,18019504,53
Simply Nailogical,116445329,53
SciShow,13120406,52
The Graham Norton Show,53790378,52
Grace Helbig,9487102,52
CaseyNeistat,164914790,52
HellthyJunkFood,15348987,51
FBE,103516267,50
Entertainment Tonight,19418099,49
AnthonyPadilla,13416350,49
jacksfilms,61101935,48
Jackie Aina,33900092,48
Tasty,32886324,48
TIME,20245899,48
SMTOWN,256987943,47
Rosanna Pansino,30425093,47
Marvel Entertainment,776328353,47
BBC Radio 1,53244375,47
The Verge,28373893,46
The Slow Mo Guys,139307255,45
RM Videos,6890169,45
Atlantic Records,38120643,45
Gus Johnson,22635550,44
John Campea,2411621,43
Lele Pons,245226624,43
CBS Los Angeles,3194316,43
Wendover Productions,31950182,43
Safiya Nygaard,113590188,42
Star Wars,46105348,42
Binging with Babish,43740776,42
Anwar Jibawi,74444019,42
Jenny Nicholson,6761567,42
Hannah Stocking,76219450,42
National Geographic,10369604,41
The Voice,26215756,41
Nerdwriter1,16602729,40
Nintendo,93402960,40
Bad Lip Reading,131462037,40
BBC Earth,6482422,40
Billboard,59406754,39
AsapSCIENCE,34023108,39
Half as Interesting,18013582,39
Fueled By Ramen,33174757,39
Sony Pictures Entertainment,215449430,39
The Film Theorists,144650505,38
ScreenJunkies News,2409936,38
Breakfast Club Power 105.1 FM,28257462,38
Cut,27331565,37
DamonAndJo,3015367,37
MSNBC,4780540,37
The Scran Line,1539249,37
USA TODAY,2454681,36
Tyler Oakley,7446840,36
ViralHog,5979781,36
Hevesh5,41078824,36
HBO,114005214,35
JerryRigEverything,14285718,35
Marzia,16227224,35
Brave Wilderness,74584387,35
Austin Evans,16373151,35
TMZ,31007719,35
The Hollywood Reporter,3841860,35
Kurzgesagt Ã¢â‚¬â€œ In a Nutshell,70575700,34
Madelaine Petsch,16664356,34
Lip Sync Battle,7862787,34
justintimberlakeVEVO,232092388,34
IGN,11286529,33
Michelle Khare,5303023,33
Alan Walker,35843928,33
Business Insider,2195754,33
CrazyRussianHacker,39791129,33
SiaVEVO,64602694,33
Paramount Pictures,177775273,33
The School of Life,7242558,32
ConnorFranta,5614775,32
Linus Tech Tips,37092950,32
itsAlexClark,23030539,31
James Charles,38915376,31
GEazyMusicVEVO,415888915,31
GoPro,18077756,31
EminemVEVO,416007924,31
You Suck At Cooking,27918671,31
theneedledrop,9574670,30
Sailor J,4147944,30
How To Cook That,7427326,30
Hope For Paws - Official Rescue Channel,15873226,29
Fox News,8989940,29
FC Barcelona,9270318,29
U2VEVO,11651587,29
The Food Ranger,23587884,29
The Infographics Show,16362800,28
Taylor Nicole Dean,14789738,28
Rudy Mancuso,73772856,28
NikkieTutorials,58169712,28
Doug DeMuro,28634203,28
Clevver News,13265810,28
CNBC,4586065,28
C-SPAN,7308845,28
Anna Akana,5389630,27
Complex,28008346,27
LIVEKellyandRyan,2353851,27
Liza Koshy,130541992,27
Variety,10504555,27
The Talk,3181976,26
Red Bull,12569658,26
Laura in the Kitchen,2945684,26
jypentertainment,276291969,26
Jeremy Jahns,17197588,26
Cracked,10051250,26
Al Jazeera English,1849646,26
Alissa Ashley,9094406,26
Amber Scholl,9165810,25
BBC,15051323,25
Dude Perfect,332128345,25
FallOutBoyVEVO,35972908,25
FiftyShadesVEVO,86648549,25
euronews (in English),7353875,25
Joey Graceffa,20183463,25
Mental Floss,1160661,25
Miranda Sings,10273595,25
RemyMaVEVO,35527167,25
Simone Giertz,9089748,25
NickJonasVEVO,7069856,25
Tech Insider,14029022,25
The Real Daytime,6266151,25
Teen Vogue,3746552,24
SpaceX,191262816,24
PBS NewsHour,33007379,24
Poppy,13460462,24
Simon and Martina,6173193,24
Mr. Kate,21265089,24
NBC Sports,6839205,24
Logan Paul Vlogs,484356303,24
JunsKitchen,35328417,24
KendrickLamarVEVO,173712654,24
Glam&Gore,9775183,24
Food Wishes,5405852,24
Disney Movie Trailers,42465587,24
CNET,3021717,24
BuzzFeed Nifty,3672371,24
Brian Hull,7407313,24
BjÃƒÂ¶rk,4003900,23
bill wurtz,43814313,23
CupcakeJemma,2254012,23
Good Morning America,4252433,23
How To Cake It,10862282,23
ImagineDragonsVEVO,32668620,23
Linkin Park,19353808,23
Movieclips Trailers,11481232,23
Taylor Swift,14422595,23
The Grand Tour,12717282,23
VICE News,4088723,23
ThreadBanger,19400625,22
The Official PokÃƒÂ©mon YouTube Channel,27453726,22
Wendy Williams,6306370,22
Matthias,19048351,22
JOLLY,6411264,22
FX Networks,4453454,22
DemiLovatoVEVO,181177688,22
Desi Perkins,10421452,22
5-Minute Crafts,249591883,22
ANDREW HUANG,2790190,21
Associated Press,287119,21
Butch Hartman,42233867,21
Eater,1922159,21
Focus Features,15971380,21
ChainsmokersVEVO,118870020,21
FOX Sports,3328895,21
marshmello,106357042,21
WOWPresents,5152253,21
Team Coco,14091303,21
The White House,16403196,21
Sara Dietschy,1179980,21
ONE Media,22043556,21
TV Promos,3665480,20
Wong Fu Productions,5643111,20
Mark Rober,79383365,20
MigosVEVO,122134908,20
Mike Boyd,12026638,20
Munchies,8999805,20
Google,17218420,20
Jonathan Morrison,8103086,20
Kandee Johnson,5197937,20
Chris Stuckmann,12599925,20
ChrisStapletonVEVO,5720718,20
BostonDynamics,130744978,20
Buttered Side Down,3132338,19
1theK (Ã¬â€ºÂÃ«Ââ€Ã¬Â¼â‚¬Ã¬ÂÂ´),57375949,19
5FDPVEVO,33501371,19
Colleen Vlogs,10127882,19
ElleOfTheMills,15147270,19
JennaMarbles,49803463,19
Hunter Hayes,1344582,19
HollywoodLife,39219073,19
Matthias Wandel,16098820,19
Maroon5VEVO,139792531,19
Lisa Eldridge,6054114,19
Kitchen Nightmares,35983552,19
Zoella,15564653,19
Today I Found Out,11989085,19
nigahiga,56404154,19
NJ.com,13321604,18
Portugal. The Man,3356296,18
PinkVEVO,133897758,18
SelenaGomezVEVO,116603411,18
RealLifeLore,7989911,18
TechSmartt,28795673,18
KathleenLights,8171877,18
KatyPerryVEVO,273333649,18
DisneyÃ¢â‚¬Â¢Pixar,371016286,18
Fleur DeForce,5050456,18
FightHype.com,2680141,18
Channel Awesome,10333649,18
Andre Black Nerd,1407282,18
BBC Three,10911332,18
Australian Open TV,9035474,17
5MadMovieMakers,32955977,17
Amazon Studios,8395216,17
CamilaCabelloVEVO,70049199,17
Chloe x Halle,6178272,17
Chris Smoove,10949107,17
Ed Sheeran,400504946,17
How To Make Everything,5041776,17
GQ,11399137,17
Klossy,5933371,17
LastWeekTonight,59392739,17
The CW Television Network,1301364,17
Thomas Sanders,3662971,17
Unbox Therapy,45970446,17
Simply Not Logical,14186497,17
Will Smith,10204003,17
Ranz Kyle,8676032,16
TroyeSivanVEVO,45972812,16
TinasheOfficialVEVO,27423391,16
TheReportOfTheWeek,9124684,16
The Daily Show with Trevor Noah,31574912,16
The Bella Twins,6826745,16
SZAVEVO,51729360,16
T-Mobile,117979039,16
standupmaths,2798640,16
Sprinkleofglitter,8952248,16
Laura Kampf,1818974,16
KhalidVEVO,31235543,16
Lindsey Stirling,24248935,16
Lucas the Spider,81834968,16
Man About Cake,2611893,16
Mayim Bialik,631958,16
MLive,17672778,16
MyHarto,3728970,16
Cole and Marmalade,6205719,16
clothesencounters,4009016,16
CalumScottVEVO,23905628,16
Boldly,43947889,16
Casey Holmes,4099561,16
Bleecker Street,34262015,16
Big Marvel,7323283,15
Bruno Mars,213126073,15
Camila Cabello,17817374,15
BuzzFeedBlue,12339070,15
E! News,378952,15
NBC,33772031,15
MLG Highlights,38629388,15
Morgan Adams,12788114,15
mmschocolate,4856227,15
Major Lazer,25516159,15
LukeBryanVEVO,1835018,15
LadyGagaVEVO,30742191,15
Genius,3357035,15
Highlight Heaven,15912747,15
Kelly Clarkson,1095642,15
KaneBrownVEVO,6086269,15
Josh Groban,1636690,15
jessiepaege,1874310,15
SUPERFRUIT,6137973,15
Tati,11804521,15
The Royal Family Channel,1952878,15
Tyler Stalman,1581403,15
SiriusXM,1805745,15
SmarterEveryDay,10344595,15
SamSmithWorldVEVO,42736277,15
ProZD,19644543,15
PlayOverwatch,19481778,15
PrettyMuchVEVO,3177869,14
Omeleto,11656567,14
ScreenPrism,2042168,14
REACT,17058794,14
Topi The Corgi,660916,14
Trailers Promos Teasers,1651713,14
Veritasium,9051086,14
TiffyQuake,556909,14
TaylorSwiftVEVO,244182424,14
TBS,11950727,14
Sugar Pine 7,3123696,14
What's Inside?,17572083,14
KeithUrbanVEVO,4671903,14
Keke Palmer,1940696,14
Ingrid Nilsen,1372218,14
IFC Films,1149718,14
HACKADAY,36823,14
Hulu,44677749,14
LaMadelynn,566144,14
Merrell Twins Live,910520,14
Mr Sunday Movies,11271625,14
Domics,24613246,14
CNNMoney,5385040,14
Clevver Style,7445122,14
ByronTalbott,1243787,14
Cardi B,129689285,14
Berd,3123806,14
Bobby Duke Arts,14353823,14
AmazingPhil,18201915,14
Access Hollywood,1163042,14
BÃƒËœRNSmusicVEVO,7190304,14
austinmcconnell,2042338,13
BBCRadio1VEVO,1738414,13
Apple,14352460,13
A24,13474924,13
boogie2988,29282299,13
Ben Pluimer,42801449,13
Business Insider UK,593058,13
CBS New York,4489513,13
Dancing With The Stars,2325706,13
Diplo,12222339,13
E! Live from the Red Carpet,7042359,13
ElectroBOOM,3981785,13
Dua Lipa,124992796,13
Doug Ellison,23832561,13
Everyday Astronaut,1697749,13
Ellie and Jared,7457580,13
Lauv,12255131,13
LecraeVEVO,2695370,13
Looper,11484255,13
Macklemore LLC,34127002,13
Hydraulic Press Channel,4600322,13
GraceVanderWaalVEVO,18562724,13
ibighit,224009476,13
jeffreestar,26703095,13
WHAT'S INSIDE? FAMILY,1544788,13
WE tv,361732,13
XAmbassadorsVEVO,3171577,13
SPORTSNET,1817566,13
Third Leg Studios,3217651,13
The X Factor UK,28161814,13
Vance Joy,4505738,13
United Launch Alliance,2776246,13
Troom Troom,60865590,13
Rooster Teeth,9827843,13
Shay Mitchell,37649692,13
PTXofficial,24557705,13
Physics Girl,1367703,13
PeopleTV,1438792,12
Queen Naija,11969982,12
officialcharlixcx,2005775,12
Panic! At The Disco,15236171,12
Numberphile,2669307,12
Seonkyoung Longest,1264699,12
Rudimental,16427946,12
Ultra Music,19749530,12
TheSorryGirls,1521589,12
TheTimTracker,1323979,12
SugarlandVEVO,5198965,12
the Hacksmith,25690388,12
TechRax,18272347,12
Team Edge,14290845,12
Whistle Sports,32007446,12
ZEDDVEVO,38631230,12
JamesBayVEVO,5049890,12
JackWhiteVEVO,6361229,12
Jaclyn Hill,10384088,12
J.J. McCullough,2238989,12
jennxpenn,3956094,12
Gerry Litwin,38140887,12
Freedom of the Press Foundation,4278714,12
MariahCareyVEVO,5149796,12
Lucy Moon,532472,12
LukeCombsVEVO,4167194,12
Lucas,3079154,12
Leroy Sanchez,7219025,12
My Self Reliance,2024741,12
Nerdist,2581366,12
emmymadeinjapan,1661782,12
Feast Of Fiction,1400086,12
Dr. Sandra Lee (aka Dr. Pimple Popper),2176096,12
dodieVEVO,4684398,12
Dolan Twins,18305623,12
Dani Ochoa,32321375,12
Comicbook.com,4166744,12
CBS Sunday Morning,3450547,12
Charlie Puth,21127388,12
colinfurze,9909809,12
Cat Man Chris,4812051,12
CatCreature,1093311,12
AaronsAnimals,2207374,12
amc,4046703,12
Battle Universe!,9051461,11
BUILD Series,663095,11
BuzzFeed Celeb,10812563,11
Beats 1 Radio,905033,11
DragTimes,1577536,11
Drew Lynch,1086603,11
ELLE,6332596,11
Famous Celebrities Snaps,4437501,11
MiguelVEVO,6006029,11
Kyle Jennermann,1673771,11
Maddie Ziegler,5432939,11
grav3yardgirl,2798217,11
GreatScott!,2270837,11
Green Day,8817596,11
HyundaiUSA,83086102,11
Kayley Melissa,391075,11
Just Between Us,1227100,11
Jack Coyne,3387722,11
YouTube Spotlight,783298628,11
YBF Chic,36719,11
TechCrunch,1986576,11
The Atlantic,400933,11
The Rock,1083966,11
TheScriptVEVO,2774676,11
Theme Park Review,961799,11
ThomasRhettVEVO,48557588,11
TurboTax,4370697,11
Saint Louis Chess Club,1196820,11
Nile Wilson,3508054,11
PsychoSoprano,6722392,11
Pepsi,17501532,11
Patricia Bright,6707897,10
PitbullVEVO,36668491,10
Pixielocks,311572,10
Nike,25776205,10
Niki and Gabi,19531458,10
NiallHoranVEVO,6658698,10
Olympic,4670431,10
Official Charts,218781,10
Real Madrid C.F.,951936,10
Shawn Johnson East,3866858,10
VICE,4209236,10
VICELAND,11359237,10
Tide,39538681,10
Tom Daley,477464,10
The Orchard Movies,3136894,10
The Deal Guy,1483511,10
Waterjet Channel,4222139,10
wdwmagic,9265854,10
Jaiden Animations,28945742,10
IGN News,110977,10
IncubusVEVO,1403575,10
It's Okay To Be Smart,3000905,10
HANSE Ã­â€¢Å“Ã¬â€žÂ¸,1230525,10
HANSON,688533,10
LuisFonsiVEVO,534738794,10
Lorraine,1567723,10
Los Angeles Times,256597,10
littlemixVEVO,14241026,10
LOL Network,54230890,10
LOOK MUM NO COMPUTER,15703449,10
Kylie Jenner,461064419,10
LadBaby Official,1911447,10
Molly Burke,1026401,10
MYSTERY SCIENCE THEATER 3000,229716,10
mugumogu,477173,10
Foot Locker,15409025,10
FOX,335797,10
Eric Strebel,41509,10
Disney Parks,1009020,10
CGP Grey,15155292,10
Dave Lee,3343806,10
Beme News,1201075,10
Brad Mondo,2854513,10
CalvinHarrisVEVO,12113607,10
CBC News,3508302,10
CBS Evening News,1607245,10
Arden Rose,963110,10
amazon,27952435,10
ABC Television Network,15095201,10
ABC Action News,7848153,9
Allie Glines,1186551,9
All is Art,30618743,9
AlishaMarie,10561515,9
Animal Adventure Park,1038309,9
BBC America,461086,9
Barcroft Animals,245627,9
Australia,6365560,9
CamVEVO,2507442,9
Capital FM,10317977,9
CaptainDisillusion,2554074,9
Derek Hough,693299,9
Doctor Who,11648381,9
fantano,1029580,9
Monster Cable Products,4355010,9
New Orleans Saints on NOLA.com,3175208,9
Momentum Pictures,153584,9
Missouri Star Quilt Company,401909,9
Mike Austin,42503849,9
Maymo,14521677,9
Michelob ULTRA,25810875,9
Michael Dapaah,3128136,9
KKandbabyJ,2915320,9
Lil Wayne,42913354,9
Lyft,10113686,9
Mark Sales,11206205,9
HaileeSteinfeldVEVO,39712033,9
Huxley Berg Studios,4262244,9
Horizon Productions SFL,11218319,9
FreeDawkins,246361,9
Funny Or Die,494239,9
Inside the Magic,3189718,9
INQUIRER.net,815327,9
JackJohnsonVEVO,543788,9
Jeep,88158175,9
Kaplamino,7173978,9
kehlani parrish,4721197,9
Jordan Wilson,15308631,9
XenonJohn,445768,9
The Cuddle Squad,634593,9
The ACE Family,64609976,9
The Oregonian,3023652,9
The Pet Collective,5730942,9
The Royal Family,19939567,9
The Key of Awesome,3418838,9
Spotify,2261008,9
Sriram Murali,415228,9
stacyvlogs,1201263,9
Step Up: High Water,22447439,9
Steve TV Show,533630,9
The Weather Channel,7784540,9
Shameless Maya,1110217,9
shane,35413539,9
SB-LII Commercials,6377720,9
Rebel Wilson,3426561,9
Ram Trucks,110711462,9
Omaze,495347,9
NFVEVO,21923445,9
NFL Network,12777656,9
NoahCyrusVEVO,8938720,9
nickjonas,495637,9
Pinball Wiz,33991190,9
Quicken Loans,5021256,9
R3HAB,4019979,9
People are Awesome,4151749,9
PatrickStarrr,3754706,8
Pitch Perfect,21021349,8
Piece Of Me Tour Planet Hollywood,3206710,8
Peter McKinnon,3541124,8
Philip DeFranco,14748688,8
NIXOLAS,680855,8
nothorwitzer,317049,8
Nikita Dragun,3629441,8
Paramount Network,5482985,8
ParsonJamesVEVO,706615,8
Oscars,11704560,8
Rclbeauty101,5599488,8
Reach Records,355827,8
Royal Blood,1283922,8
RetroManCave,121971,8
Revolt TV,8055481,8
Roy Moore for Senate,5247547,8
Samantha Maria,556582,8
Senator Chris Murphy,371306,8
ShawnMendesVEVO,12501077,8
Shade 45,1927753,8
SKITTLESbrand,1700600,8
slaymeclarkson c:,1282029,8
theCHIVE,7706805,8
TheAngryGrandpaShow,44963723,8
The Telegraph,5940518,8
The Valleyfolk,2219026,8
Tom Stanton,933815,8
todrickhall,652381,8
ThirtySecondsToMarsVEVO,6900112,8
This Is Us,1899806,8
Vinheteiro,1855819,8
Vevo,110333348,8
UrAvgConsumer,6017708,8
TromaMovies,8823516,8
Tpindell,4182989,8
Top Korean News,1876334,8
StingVEVO,5102092,8
Star Wars Coffee,220237,8
Squirrel Monkey,1172874,8
Snapchat,21791461,8
Sufficiently Advanced,2348034,8
Strictly Dumpling,5809054,8
Studio C,4195782,8
Strange incident,835050,8
Tessa Violet,822179,8
Yes Theory,2920522,8
Youtube Tea,413650,8
WildTurkeyBourbon,715119,8
Wall Street Journal,1755440,8
vnbreyes,24546,8
YTN NEWS,1419929,8
Joan Kim,513000,8
Jesse,5529291,8
KBAK - KBFX - Eyewitness News - BakersfieldNow,8080063,8
KBSKpop,8346693,8
Katzun,1358038,8
Just Wow me,15864924,8
IFC,1189632,8
FOX Soccer,330333,8
Glamour Magazine,11532705,8
How to DAD,1122334,8
Hudson Moore,1581744,8
H&M,2623070,8
Healthcare Triage,119893,8
LIL UZI VERT,45907542,8
LifeAccordingToJimmy,1737228,8
Kylie Cosmetics,11654705,8
matt,6110345,8
New York Daily News,2430114,8
NASA Jet Propulsion Laboratory,8056076,8
Motherboard,3594802,8
Movieclips Coming Soon,782848,8
FaZe Rug,13665892,8
foofightersVEVO,3225798,8
Eva Lunde Bentley,2671536,8
Diet Coke,3660760,8
Edward Avila,1069816,8
Doug Jones for Senate,893385,8
Duston Ward,8898135,8
Dwarf Mamba,49190093,8
Dawid Szmandra,2324333,8
Collins Key,73162789,8
CondÃƒÂ© Nast Traveler,453497,8
CrashRacing,22199905,8
Chilly Willy,13124922,8
Chris Reinacher,527908,8
Colleen Ballinger,12948464,8
ColdFusion,2249459,8
Cody'sLab,2892443,8
Cards Against Humanity,9186934,8
Carla Resendiz,6692044,8
BURGER KING,26169061,8
CAguileraVEVO,1030676,8
Brent Pella,10586842,8
Blue Origin,2118215,8
Ben Actis,10455839,8
BenTheBondsman,4722506,8
BETNetworks,1143074,8
Attaullah Malik,14177068,8
ALL URBAN CENTRAL,5491645,8
Alex Meyers,1907690,8
Adult Swim,38578045,8
AIA awards,558585,7
Alec Steele,1285670,7
Alesso,7786569,7
Alex Gilbert,1717257,7
Alpha Entertainment,894601,7
alt-J,2769646,7
Alto's Adventure,1025636,7
ABC7,5506919,7
adidas Football,14964217,7
A Chick Called Albert,22324463,7
Bachelor Nation on ABC,261065,7
Barstool Sports,168760,7
Animal Planet,1418374,7
Andrew Lowe,4520045,7
Applied Science,365461,7
ASMR Darling,7316390,7
BerkleyLovesTori,1405747,7
Beyond The Trailer,879400,7
Bethel Music,1257393,7
BeckVEVO,2386317,7
Blonded,13899991,7
Bret Baier,820339,7
BrantleyGilbertVEVO,2363589,7
BrasherN,14114169,7
Brat,20658205,7
Bud Light,104489909,7
Budweiser,28592638,7
Campo Santo Productions,1935545,7
CBS,173252,7
Casually Explained,16086205,7
Cody'sBLab,926065,7
Christen Dominique,3208887,7
Christopher Davis,503761,7
Chris Turner,2791032,7
ChrisBrownVEVO,9361727,7
Chicago Sun-Times,337585,7
CYNVEVO,665088,7
Corinne Leigh,3083103,7
Comedy Central,4753081,7
Davie504,2103375,7
Demi Lovato,4197884,7
David Sistaro,797804,7
ELLEUKTV,3091426,7
DisneyMusicVEVO,5916587,7
Dj Earworm,3034381,7
DJSnakeVEVO,17011865,7
MrBeast,22068205,7
MrTreknation,1181377,7
My Virgin Kitchen,679545,7
Muse,15128228,7
MyLifeAsEva,4809601,7
NBA Highlights Ã‚Â· YouTube,2063293,7
Netflix Asia,4228105,7
New England Patriots,697340,7
NBA on TNT,6262486,7
Max Fagin,2242004,7
Martin Garrix,27250257,7
Max Skipper,2000143,7
MGMTVEVO,4413729,7
Millie T,1957326,7
MinuteEarth,1363236,7
Mnet K-POP,29980157,7
Kraft Brand,1248146,7
KygoOfficialVEVO,19071153,7
Kia Motors America,18470406,7
KFC,3225221,7
Kitten Lady,543681,7
LexusVehicles,707265,7
Legendary,37558556,7
Land Rover,14019124,7
lara6683,1343869,7
Lionsgate Movies,46971160,7
LoeyLane,1716674,7
LustreLux,1152138,7
mariahxlambily,7763315,7
Mashed,5488331,7
MassLive,696323,7
Marco Reps,225914,7
HalseyVEVO,29834129,7
Hamilton: An American Musical,3672322,7
hudsonunionsociety,233441,7
hp_overload,6599794,7
HouzzTV,3003540,7
hwow,1215647,7
Gigi Gorgeous,2505629,7
Good Morning Britain,702210,7
Graham The Christian,12484874,7
Guy Tang,7508430,7
Grandpa Kitchen,3023782,7
Groupon,26402350,7
Freddie Lister,7151971,7
FrenchMontanaVEVO,18885554,7
Function,344879,7
GamingWithJen,5204680,7
Gcincorp Ecommerce and Real Estate,945599,7
iHasCupquake,5823433,7
iggyazaleamusicVEVO,13219515,7
Inanna Sarkis,9252139,7
jenniferhudsonVEVO,2461736,7
JasonAldeanVEVO,7044089,7
Jeopardy!,4801836,7
Jessica Vu,923493,7
John Maclean,1218763,7
Zendaya,8234661,7
Warner Bros. UK,4750222,7
Wengie,14437979,7
WFLA News Channel 8,1717283,7
Will Darbyshire,283392,7
Yoga With Adriene,3397020,7
WXYZ-TV Detroit | Channel 7,4545273,7
WTHR,199435,7
TED,334974,7
The Ohana Adventure,506612,7
Tanner Braungardt,15722889,7
Trace Cyrus,1752406,7
Toyota Global,3730960,7
Toyota USA,1201986,7
Turkish Airlines,86666242,7
Turn10Studios,390634,7
UFC - Ultimate Fighting Championship,4164529,7
Verizon,3222759,7
Victoria's Secret,2316654,7
ThreeDaysGraceVEVO,5527420,7
TNT,563674,7
Tina Yong,2171817,7
Tom Harlock,1715725,7
TheBackyardScientist,6037569,7
TheOdd1sOut,45449800,7
TheUnlockr,65222,7
shakiraVEVO,122400297,7
Shoshana Bean,2575740,7
ScottyMcCreeryVEVO,1152025,7
Samsung Mobile USA,405964,7
Rob Bliss,9701123,7
RAP DAILY,6732940,7
Recording Academy / GRAMMYs,7054634,7
Open Road Films,20319703,7
Orion Pictures,8933850,7
Passenger,1953666,7
Parks and Recreation,432930,7
OK Go,41183174,7
Nicol Concilio,2336425,7
Nickelback,2163388,7
NOLA.com,167121,7
PhakeNam,864560,7
Peter Brown,1035003,7
PaweÃ…â€š ZadroÃ…Â¼niak,1715221,7
Persil ProClean,2858154,7
PokÃƒÂ©mon GO,11537586,7
PONY Syndrome,3473591,7
Pomegranate Sunshine,459914,6
Pittsburgh Dad,1302909,6
PlayStation,12312195,6
PLAYERUNKNOWN'S BATTLEGROUNDS,2892032,6
Pero Like,2329316,6
PB Comps,3038266,6
PeterSripol,2038260,6
Philadelphia Eagles,2101312,6
NitroV2,524217,6
NFL World,351884,6
OlanRogers,1152781,6
NZPoliceRecruitment,3921025,6
"One List , One Life",241520,6
Onur AltuÃ„Å¸ Sever,106135,6
Paris Hilton,1558854,6
OVO Sound,65363750,6
Pac-12 Networks,189886,6
reputationswift,195058,6
Recode,203127,6
Rapid Trailer,821290,6
Radio Andy,276219,6
RagnBoneManVEVO,1265911,6
Rita Ora,1510319,6
Ryan Davidson,744168,6
Ryan Northover,227989,6
Sam Chui,11779203,6
Scotty Sire,4439770,6
SeanPaulVEVO,8502127,6
See You Yang,1217826,6
Seth's Bike Hacks,1302485,6
SHOWTIME Sports,178435,6
SigridVEVO,1824117,6
Smyang Piano,234553,6
Slooh,1869637,6
ThePianoGuys,1222405,6
thegameawards,8454016,6
TheCubician,1724081,6
The Thought Emporium,519630,6
The Tommy Edison Experience,142024,6
tonyvera1902,2633276,6
Tia Mowry's Quick Fix,5489420,6
videogamedunkey,24159761,6
TRYANGLE FILMS,46062940,6
Tanya Burr,1494705,6
STX Entertainment,274257,6
Summoning Salt,3854531,6
Sound Bites,300923,6
Solid Gold Aquatics,1509705,6
souviendra,506362,6
Sport Hub,276569,6
Sports Illustrated,755643,6
The king of DIY,1520892,6
The Square to Spare,495118,6
Technomanila,197714,6
The 2x Family,8200751,6
X Games,548768,6
Whitney Avalon,259070,6
World Eyes,79533,6
WhatCulture Wrestling,2226514,6
Wassabi Productions,2661437,6
Walking With Giants,1031035,6
Vlogs By DK4L,2652236,6
voordeel,658993,6
VOsprey22,18856,6
Zebra Corner,9268406,6
JK Brickworks,586820,6
Josh Levine,11638,6
JonTronShow,19103910,6
Jon B.,719831,6
Jessica Kellgren-Fozard,142863,6
JheneAikoVEVO,12361863,6
Julien Solomita,805019,6
Karina Garcia,9219130,6
Keith Urban,1962651,6
JamesBlakeVEVO,1894274,6
Janelle MonÃƒÂ¡e,2283498,6
Jenn Im,1504612,6
Jason Yu,2615721,6
JayRockVEVO,43409357,6
Jacob Collier,662097,6
It's a Southern Thing,1572514,6
India Love,1282828,6
gamelovercommercials,123153,6
GwenStefaniVEVO,1414601,6
gzumwalt,81483,6
grandayy,5050182,6
GohmertTX01,260000,6
I.T. Channel,1489992,6
Huw Parkinson,82573,6
HOT 97,7850299,6
Guava Juice,5706756,6
Henry Prince Mak,552535,6
heroedelahistoria,294757,6
HarryStylesVEVO,13938107,6
Hayley Kiyoko,11254749,6
Hazel Hayes,1021787,6
Honda,347229,6
Makeupshayla,1819491,6
Magnolia Pictures & Magnet Releasing,383670,6
Manny Mua,8104400,6
Marie McGann,51051,6
MÃƒÂ¡quina Voadora,942188,6
MaccabeatsVideos,922695,6
LouisTomlinsonVEVO,14971040,6
LissieVEVO,101583,6
LD Entertainment,3044534,6
Laura Lee,3244244,6
Let Me Explain Studios,9030647,6
Lil Peep,19266150,6
KIND Snacks,1597750,6
KipMooreVEVO,857590,6
KISS FM UK,506043,6
KFlayVEVO,310355,6
Kotaku,684418,6
KylieMinogueOnVEVO,5572363,6
Moby,817445,6
mittromney,501831,6
Mikey Murphy,4047328,6
Miss Universe,3889363,6
Mike Diva,539059,6
MAZELEE,1886026,6
Matt and Kim,922543,6
Mashable Daily,4292643,6
Newsflare,1813073,6
NewsFunnies,1332631,6
Newsy,4953,6
Natalies Outlet,10180105,6
Muselk,3056994,6
MTV International,1969687,6
MoorInfo,958422,6
MoreZoella,5596985,6
doddlevloggle,2336975,6
Dorkly,7276493,6
Disney Descendants,8158025,6
Despierta AmÃƒÂ©rica,249627,6
DreamCastle_629,333734,6
EA SPORTS FIFA,4566662,6
East Idaho News,317988,6
DunkFest,651570,6
Evan Edinger,940371,6
ET Canada,5124037,6
Extra Credits,1993489,6
Entertainment Weekly,21321,6
Elton John,408977,6
EltonJohnVEVO,5050726,6
Elvis Duran Show,95505,6
FIFATV,1812795,6
David Archuleta,786640,6
David Guetta,8199225,6
Dennis Kapatos,976061,6
DanAndPhilGAMES,4033755,6
Daisy Marquez,3331483,6
DaHoopSpot Productions,15532,6
communitychannel,1596177,6
Cosmopolitan.com,660892,6
Crusoe the Celebrity Dachshund,731637,6
CrashCourse,261871,6
cgriesemer,332627,6
ChangeofplanZ,2826033,6
CHRIS-RS,12914827,6
chris lee,1225703,6
Christine Sydelko,3204278,6
ChvrchesVEVO,2033978,6
cicigoodies2011,109664,6
Cleveland Cavaliers on cleveland.com,458973,6
Cobra Kai,18277184,6
CBS Chicago,135585,6
CBS Miami,11104,6
Candide Thovex,6997284,6
carrieunderwoodVEVO,6677347,6
Bruce Land,500381,6
Brian Klug,302393,6
Bob Przybylo,73390,6
BleachersVEVO,692242,6
Bloomberg Politics,64316,6
Blurred Culture,1005042,6
BellaThorneVEVO,1260240,6
Bill Gates,1435079,6
Anew Start,2082164,6
Asthmatic Kitty Records,1839807,6
Asian Boss,801140,6
AnselElgortVEVO,7590243,6
AntsCanada,4622106,6
Awkward Puppets,3193367,6
BachelorsPadTv,5489920,6
BaconLegs,1330172,6
automotivemaster1972,14131,6
AviciiOfficialVEVO,12421837,6
Austin Burk,45967,6
Aunty Donna,613206,6
Ã£Æ’Â¯Ã£Æ’Â¼Ã£Æ’Å Ã£Æ’Â¼ Ã£Æ’â€“Ã£Æ’Â©Ã£â€šÂ¶Ã£Æ’Â¼Ã£â€šÂ¹ Ã¥â€¦Â¬Ã¥Â¼ÂÃ£Æ’ÂÃ£Æ’Â£Ã£Æ’Â³Ã£Æ’ÂÃ£Æ’Â«,7389323,6
Access,479915,6
Adam Smith,14750793,6
4given4ever1,1386051,6
Ã¬ËœÂÃªÂµÂ­Ã«â€šÂ¨Ã¬Å¾Â Korean Englishman,5963784,6
Abroad in Japan,600360,5
Adam Neely,1297318,5
Adam's Apple,2063267,5
AdelaineMorin,1109854,5
730 WVFN,43896,5
Amazon.co.uk,438045,5
Amber Liu,772801,5
Alabama Crimson Tide on AL.com,1731332,5
Adult Swim UK,186062,5
Aymeric Favard,86075,5
BANGTANTV,10902829,5
Be Amazed,350207,5
Anthem Lights,624703,5
Anna Saccone,4962538,5
Andrew Rowland,1888321,5
Architectural Digest,2892284,5
Apple Support,90362,5
AT&T,2673056,5
Big Ten Network,416925,5
Big Cat Rescue,197455,5
Bethany Mota,5849270,5
Beyonce,9578073,5
BeOurGuest,513554,5
Ben Rohrbach,89113,5
BLACKPINK,16524026,5
BreakingBenjaminVEVO,4019099,5
Bravo,1072149,5
Braxen McConnell,46980,5
BRIGHT SIDE,6582622,5
Business InsiderAu,61875,5
Cam'ron,4193017,5
Calvin Klein,55096553,5
Carly and Erin,452549,5
Car Throttle,1308578,5
Caspar,1336644,5
Cody'sLab Backup,342379,5
Chris Hadfield's Rare Earth,269507,5
Chris Rosa,14377600,5
CFL Insider,228099,5
CrowsEyeProductions,2122761,5
Cultaholic,847019,5
COVERGIRL,53276,5
Corridor,3098057,5
Conor Maynard,44469933,5
D3sports.com,181242,5
danisnotinteresting,921606,5
Darren Criss,284049,5
David Windestal,170351,5
FILMWEBTV,1338498,5
Feelunique,87785,5
Forgotten Weapons,1093644,5
Fontgod,63389,5
EllieGouldingVEVO,677047,5
Emirates,1771676,5
emma chamberlain,897607,5
Erin Noelle,1268878,5
Errant Signal,258330,5
End of Ze World,1251036,5
engineerguy,826276,5
EverythingApplePro,3456350,5
"European Space Agency, ESA",659754,5
Esther Bellido,3292899,5
DopeBoyTroy,83768,5
DonDiablo,2329716,5
DoodleChaos,1578502,5
Movie Munchies,607934,5
Nathan C,215552,5
NBA on ESPN,49357,5
NASA Goddard,198191,5
NBA Stats All Seasons,768746,5
melodysheep,154695,5
MGM,18178781,5
MisterWivesVEVO,83853,5
MN khan,6802599,5
KTVU,1567786,5
Kyle Gunderson,355321,5
Kevin Noonan,66740,5
Kingsley,131287,5
LiamPayneVEVO,1787999,5
Lifetime,277438,5
legofreedom1,81709,5
leonalewis,1014765,5
Lauren Elizabeth,336452,5
LaToya Forever,240801,5
lisbug,315699,5
Lofty Pursuits,2953345,5
Loudwire,108570,5
MARIO TESTINO,36452,5
Markiplier,3296098,5
Marteen Estevez,188200,5
MandisaVEVO,765649,5
Highsnobiety,144133,5
heyitsfeiii,3295686,5
Guldies,668256,5
HaimVEVO,1128822,5
HQVideoDude,717486,5
Howl Of A Dog,6549569,5
HvdH-Plane-Spotter,24475287,5
Hush Kit,1241321,5
IAmAnneMarie,1726336,5
greyson97,219215,5
Galantis,1467304,5
iKON,33246211,5
ilikeweylie,378807,5
Jack and Dean,738059,5
Jalopnik,234387,5
JayZVEVO,18797516,5
JamesAVEVO,5465397,5
Kelly Eden,130715,5
KATC,1680353,5
Just Jared Jr,864971,5
Jessii Vee,497080,5
Jessica Braun | JAMbeauty89,354169,5
JoergSprave,581166,5
John Sellars,7936,5
Zach Simmons,291189,5
Voicebot,18578,5
Vsauce2,934751,5
WGA West,69555,5
West Midlands Police,3236524,5
Wix.com,1373974,5
WhatsUpMoms,1811012,5
Terrormink,109170,5
Tested,1546802,5
The Action Lab,8054309,5
The Angie Martinez Show,180119,5
The Sydney Morning Herald,15321,5
The Sports King,111141,5
The Ringer,116487,5
The New Yorker,245242,5
Sports Lovers n1,151148,5
Sprint,4983540,5
Special Books by Special Kids,165256,5
Summit,81647,5
SuperwomanVlogs,1072588,5
Street Speed 717,1166355,5
StoryCorps,162346,5
sWooZie,5913141,5
Symon,321089,5
Syracuse Orange,76190,5
Tryst Network,250298,5
Troye Sivan,1937252,5
TV One,931829,5
TraceyThornVEVO,101406,5
TRL,391341,5
ToveLoVEVO,930627,5
Vet Ranch,1936133,5
UJ,271369,5
Unique Vibes,94323,5
This Morning,1083689,5
Tina Nguyen,105157,5
Tim Gray,1013352,5
TimandFaithVEVO,254519,5
ToniBraxtonVEVO,1645880,5
Tony Baker Comedy,265286,5
TobyMacVEVO,1477864,5
The Unipiper,368536,5
TheHoonigans,1770190,5
TheKillersVEVO,1366893,5
TheVampsVEVO,940982,5
SIRAH,157979,5
Shesez,1785251,5
Sam Sheffer,321664,5
Ryan Canty,11715543,5
Ryan Williams,456724,5
Royal Academy of Arts,87284,5
Rainer Hilland,190023,5
RawBeautyKristi,455842,5
Rella On the radio,8629097,5
ombremor,612401,5
Oceana,36420,5
officer401,604280,5
Nick Ramos,6436629,5
NinaNesbittMusicVEVO,1198042,5
Now You See It,1196375,5
NowThis World,3513639,5
PHP,10962577,5
Pitchfork,1317806,5
Philadelphia 76ers,70814,5
Peaceful Cuisine,343037,5
Patrick Nan,5960191,5
Peloton,495919,5
PointlessBlogVlogs,2406749,5
Popcorn with Peter Travers,513918,5
Rachelleea,98962,5
RachelPlattenVEVO,326520,5
Prime Video,32010035,5
Primitive Technology,20018181,5
POPSUGAR,695497,4
Popular Woodworking,191448,4
Plasma Channel,22660,4
PBS Eons,656580,4
NWSSanDiego,19932,4
Nobrand,464396,4
NOVA's Secret Life of Scientists and Engineers,12740,4
Noah Nicholls,5444065,4
Oscar Fury,78493,4
Outback Steakhouse,38782,4
Redline Reviews,454709,4
Real World Records,66888,4
Rainsford,29054,4
Radio Physics and Electronics,13958,4
RocketJump Film School,114859,4
Rise,1713328,4
Roadshow,213860,4
Ricky Dillon,1647379,4
RZSS Highland Wildlife Park,14501,4
Shmee150,1528667,4
Sherylcrow,204105,4
Sesame Street,1811365,4
Shantell Martin,186274,4
SB Nation,391333,4
Sailing La Vagabonde,822255,4
thevirts,447339,4
The University of Chicago,30184,4
TheBeatlesVEVO,1776501,4
U.S. Navy,851915,4
Useless Duck Company,213163,4
University of Rochester EEOC Complainants,3773,4
Vic Dibitetto,753604,4
VideoGameAds,15658,4
TopClips247,3562683,4
Topic,58585,4
Torm place,127907,4
Trevor Wallace,31048,4
Specialized Bicycles,208577,4
Spectrum Haleskarth,24247,4
Speks,9158,4
Southwest Florida Eagle Cam,718213,4
Squarespace,2543558,4
SR Trailers and Interviews,81445,4
Star Wars HQ,603859,4
startelegramvideo,339941,4
StanDrawsSpaceships,668487,4
The Lore Master,491300,4
The Modern Rogue,657549,4
The Current Source,14114,4
The Bachelor Insider,267381,4
The CGBros,106718,4
The Cincinnati Zoo & Botanical Garden,245722,4
Techmoan,508899,4
Technology Connections,887694,4
Wintergatan,783946,4
XFL,102749,4
Xscape - Topic,137756,4
WeatherTech,1886555,4
Vote The Process,355227,4
Viva La Dirt League,233460,4
John Lewis,30557393,4
Jessica Clements,596663,4
jeremiah johnson,12749,4
JP & Julia,1096341,4
JuJu Smith-Schuster,1704488,4
Karim Jovian,91110,4
Kanimuna Kisaka,42088,4
Jason Derulo,8524177,4
JAY,304415,4
JenniferLopezVEVO,55649039,4
JÃƒÂ¡n IlavskÃƒÂ½,3281173,4
It's a small world,105203,4
J Gasser,4468,4
Interscope Records,705137,4
Inthefrow,380708,4
Intuit,46410511,4
Funny New Videos,2594748,4
FrownsUpsideDown,43332,4
FoxSearchlight,1362374,4
Frank May,1669331,4
Golden State Warriors,513465,4
Goodwillsandusky,1064013,4
I Like To Make Stuff,4634436,4
How Ridiculous,913918,4
Hannah Meloche,327407,4
Halfway Anywhere,231541,4
HARRY,15311,4
Hillsong Worship,632268,4
Marcos Horacio,35332,4
Maddie Lymburner,104116,4
MassMutual,179241,4
MasterClass,8291604,4
Mark Ferris,183572,4
Livia Giustiniani,200257,4
Kevin Durant,728354,4
Kortney Steury,1450041,4
Milkmen Design,20507,4
MLB,36411,4
MOBO Awards,139451,4
Mike H,35257,4
Midnight Video,258080,4
Michael Rigsby,6771,4
merrelltwins,1693093,4
Matt Steffanina,1345797,4
MatthewSantoro,1463506,4
McDonald's,1339491,4
Max Hertan,34746,4
Navenanthen Gepardieu,84501,4
Nathan Robinson,1067078,4
NASCAR,182590,4
Movie'n'co UK,124733,4
MrMobile [Michael Fisher],1155974,4
Mr Ben Brown,135026,4
dope2111,6915252,4
Donut Media,482313,4
Doctor Mike,222545,4
Desus & Mero,566387,4
DJI,347586,4
Dustin Penner,261544,4
Exploring Alternatives,466876,4
F Milburn,11486,4
Emma Massingale,66436,4
FliteTest,319572,4
FloSports,116600,4
fosterthepeopleVEVO,1448229,4
FaeryInLoveInc,226629,4
First Aid Kit,70077,4
David Jardine,136175,4
Define American,7427,4
Daniel Howell,7298244,4
Daily Davidsons,104586,4
Dancing On Ice,1394268,4
colourpopcosmetics,290848,4
CS Dojo,599996,4
"Cyprus Air Heating, Cooling and Fireplaces",1259046,4
CrazyLaughAction,494534,4
Chevrolet,312930,4
ChloexHalleVEVO,43072,4
Choir! Choir! Choir!,376955,4
Coca-Cola,2559038,4
Circus HalliGalli,770855,4
Clark Zhu,49596,4
CatPusic,1859327,4
CBS Films,11322404,4
Caravan Carolyn,97321,4
Car Commercials of the Past,19021,4
Carlos Campos,15245,4
BrettYoungVEVO,333558,4
blackbearVEVO,2822309,4
Bebe Rexha,1353367,4
BehindTheSounds,347321,4
Billboard News,15451,4
Billions,804500,4
ARIKITCHEN (Ã¬â€¢â€žÃ«Â¦Â¬Ã­â€šÂ¤Ã¬Â¹Å“),1120759,4
Avocados From Mexico,2867651,4
AFP news agency,15574,4
AmandaMoor & Craft Ideas,64719,4
52 Skillz,164490,4
3D Printing Nerd,144852,3
9-1-1 on FOX,3911,3
Adam Whitley,3053,3
Amarullah Rizky,30801,3
Amelia Liana,186306,3
Alex Aiono,668645,3
Audience Network,35543,3
AutoGuide.com,164656,3
Atlanta Hawks,9202,3
ATPWorldTour,171452,3
Any rubbish,14014,3
Bee Ly TV,7083,3
BBC Music,3293506,3
blvck King,110416,3
BMW USA,3174474,3
Canada Soccer,126927,3
CBS Philly,70221,3
Campari,368741,3
"But First, Coffee",6073847,3
Cloth Map,223952,3
Chubbyemu,1988301,3
cocheusadoooo,489259,3
CMAVEVO,159222,3
Chriselle Lim,102062,3
Channel 4,73387,3
Chili Klaus,2343247,3
Channon Rose Vlogs,340859,3
Chappell Roan,96111,3
Daily Caller,3527339,3
DanTDM,5093448,3
daronjay,10991,3
dekuNukem,4636,3
Daz Games,1000208,3
Fifty Shades,5697328,3
FailArmy,6610961,3
FerrasVEVO,44195,3
Ford Motor Company,302706,3
FlyFastandLow,12177,3
flirppy242,80022,3
Empire,73730,3
Facelesstech,3927,3
EstÃƒÂ©e Lalonde,405897,3
Duan Mackenzie,235838,3
DrMachakil,77798,3
eba era,9699,3
Disneyland Experience,28303,3
Desktop Makes,10741,3
Dish Nation,33230,3
DKDKTV,19662,3
Donald J. Trump Topic,1155214,3
Mustache Wax,89905,3
mvt.ias,383216,3
MovieAccessTrailers,55746,3
"monday.com, formerly dapulse",15544,3
NASA,106127,3
Na So We See Am,5933,3
National Safety Council,6832,3
mayratouchofglam,345015,3
MeganBatoon,239621,3
Michael BublÃƒÂ©,772722,3
MITCHELL WIGGS,4549074,3
MK Dons,58437,3
L2inc,1029076,3
kimbramusic,596655,3
Kevin Rabatin,7087,3
Kevin Stein,7151,3
Kita Osaka,16910,3
Lame Videos,2583029,3
Lane Anderson,1679819,3
LGR,613475,3
Liam Gallagher,651947,3
Like Stories of Old,527044,3
littleBits Electronics,5361,3
lugeyps3,75807,3
marjolijn2,94077,3
Masters Of The Sun,14142,3
Matoma,56602,3
Maggie Lindemann,312655,3
Malik Nabee,846155,3
Mamrie Hart,382966,3
Maker's Box,25780,3
Helen Anderson,232032,3
Hollyscoop,79137,3
HOTSPOTATL,9331,3
Hopeless Records,661607,3
HowToBasic,6599715,3
Geoff Mallinson,14363,3
Gregg Peterson,20581,3
greeenpro,33547,3
Funny Commercials,2821311,3
geicocaveman2012,530967,3
iotexpert,10067,3
India Survival Guide,1256995,3
Izac Less,276540,3
Kat Cunning,65739,3
KBS World TV,7361683,3
kawaiisweetworld,238467,3
Kerry Wong,10247,3
JimBrowski 96HourNews,78474,3
JessieJVEVO,1647502,3
John Varvatos,12281,3
Jon Olsson,693911,3
Voltfolio,8266,3
WLKY News Louisville,20229,3
WQAD News 8,22872,3
Writers Guild of America East,85459,3
Why Don't We,2134458,3
Zero Media,5869635,3
Tegan and Sara,17855,3
Tentmaker Pictures,7275,3
The Players' Tribune,47122,3
The Scam On Demand,5107,3
The Office US,642444,3
Steeper33,201706,3
SRAM MTB,183730,3
SnekTek,204398,3
Swish Daily,3574548,3
Tamika Hall,15658,3
taalk com,3757,3
tovestyrkeVEVO,30716,3
Townsends,52299,3
Turbo Conquering Mega Eagle,60624,3
VidCon,594962,3
Video Library,38824,3
Vat19Nvjds,48416,3
Us Weekly,109438,3
UCAN Zippers USA,13648,3
TheMeanKitty,1815703,3
TheJuicyJVEVO,1225957,3
TheGracieC,156094,3
Tom Thum,64822,3
ThisDustIn,214742,3
Science Magazine,1303107,3
Saskatchewan Rush,6153,3
Saved By The Max,7008,3
shurap,240246,3
Single Shot,2951,3
smoothiethecat,160527,3
Russell Howard,1669230,3
Ryan Calme,578771,3
rollingstoneonline,141352,3
ROME REPORTS in English,30508,3
Rob Scallon,818233,3
Rappler,191869,3
RealNewsNetworkMedia,82700,3
RESSENCE WATCHES,42187,3
Represent.Us,34212,3
Red Bull Records,18278,3
Red Robot - Intelligent Distribution,313531,3
RedCurtainEnt,5961158,3
Palo Alto Online,2116,3
PAC ENTRETENIMENTO / DJ IVAN DAVIS,548778,3
Obama Foundation,169118,3
OneBitMusicVEVO,3110803,3
NoahKahanVEVO,32509,3
Nickelodeon,222821,3
Nicki Shields,102765,3
Penguin Books South Africa,6736,3
paul wheaton,221425,3
Pies Are Awesome,5373,3
Prince Marcus,19462,3
RackaRacka,3650323,3
Quad9 DNS,15940,3
QUARTZ,196913,3
Rachel and Jun,2284670,2
PrincessPiaMiaVEVO,224819,2
pjmorton,32837,2
Polyphonic,294806,2
Peter Caine Dog Training,347282,2
Penguin Books UK,103084,2
Paul Sellers,68025,2
Nicole Guerriero,602739,2
OjO Commuter Scooter by OjO Electric,1706,2
razzark666,104148,2
Radovan Lazic,2956469,2
Rock & Roll Hall of Fame,11594,2
Ross Kempsell,6027,2
Rob Andretti,4644,2
SaggyJ,1005159,2
Slednecks,10259,2
Smequle,46303,2
Shaaanxo,361165,2
Sieuwe Elferink,9181,2
SBS TVÃ«Ââ„¢Ã«Â¬Â¼Ã«â€ ÂÃ¬Å¾Â¥xÃ¬â€¢Â Ã«â€¹Ë†Ã«Â©â‚¬Ã«Â´Â,191934,2
Sarasota Police Department,2769,2
Sauber F1 Team,275040,2
Tim Barrett,52428,2
Tony Berza,63448,2
toofacedcosmetics,29617,2
theSkimm,24205,2
Valk Aviation,1609149,2
Viral Paws,15461,2
truTV,7829,2
Taras Malyar,5086,2
SupremeSounds,1044035,2
SuperCarlinBrothers,382949,2
Spinach Dippa,111661,2
Srinath .S,174320,2
Stefany Gonzalez,23442,2
StorrorBlog,1492977,2
The Nocturnal Alchemist,3712,2
Taylor R,252379,2
Whyte Foxx Music Videos & More,67944,2
X Factor Italia,407107,2
yovo68,684547,2
Vostok.bike,2322,2
What I've Learned,459479,2
Joshua Levin,10845,2
In Case You Missed It,120474,2
iDB,8436,2
IsraeliPM,7681,2
Invisible People,74868,2
J S,442190,2
Itzztonytony,600850,2
Genuine Survival Research Labs,39113,2
Gatorade,2031164,2
Funny News,870774,2
FundingCircleUK,664053,2
FRANKIEmusicVEVO,14223,2
Frog The Rooster,463694,2
Freemeo,21441,2
GinWigmoreVEVO,10682,2
GoDucksdotcom,1391,2
Hybrid Network,17081,2
Haru the Shiba Inu,109804,2
HiHo Kids,293612,2
Hannah Witton,54584,2
Hak5,22417,2
Mark Linsangan,18783,2
lugnutsoldcrap,13061,2
LOFTON SHAW,10437,2
Late Show with David Letterman,386441,2
kmichelle,236609,2
Lamborghini,43585,2
MOMOMOYOUTHVEVO,1660223,2
monatheband,296708,2
Mom Will Be Proud,56466,2
MiddleKidsVEVO,32433,2
MILCK,10668,2
Mercedes-Benz,82801,2
MDNA SKIN,109222,2
Mecum Auctions,184459,2
MattMasonPhotography,194693,2
NARLtv,7244,2
negermano,5209,2
Neil Fraser,3812,2
neilyoungchannel,149839,2
New York Magazine,6633,2
News 5 Cleveland,1223758,2
Monster Energy,213682,2
Mountain Dew,721569,2
MrNorrisVideos,255161,2
Must Love Science,11924,2
MsAaliyahJay,451113,2
Domain of Science,62062,2
DoritosÃ‚Â®,1881906,2
Dina Tokio,149928,2
devinsupertramp,277859,2
ekaggrat singh kalsi,12787,2
ElbowVEVO,335100,2
Electron Dust,9353,2
DraftExpress,3384,2
Duncan Sinfield,576127,2
Dylan Locke,75929,2
Epicurious,2386207,2
FacelesswithEyesOpen,5840,2
empireofthesunvevo,317301,2
Flash Rahbbit,13361,2
Ford Europe,23852,2
Fancy Vlogs By Gab,907355,2
Davey Swatpaz,18832,2
Danny Sapko,1018573,2
Daelric,98287,2
Crafty Panda,16433,2
Cristi Cristian,1556025,2
CrossKut316,227777,2
CyclingTips,9911,2
Context Information Security,7392,2
Confuse News,182858,2
Chris and Jack,242990,2
cineytele,467030,2
Cleveland Browns,2416,2
Bundesliga,230864,2
Catch-Up TV,50019,2
Cartoon Hangover,131083,2
Bloomberg,50503,2
Bkav Corp,2247876,2
Benn and Gear,57047,2
BellatorMMA,2517679,2
bigclivedotcom,101100,2
Andy Grammer,74566,2
astroboy1960,30858,2
Auralnauts,140784,2
Avocado,6245242,2
Banana Culture Music,2661336,2
Barn Sanctuary,308985,2
AirPano,100412,2
AlmazanKitchen,291454,2
Amanda Palmer,57481,2
60 Minutes,90552,2
Ã©Æ’Â­Ã©Å¸â€¹Ã¨Â¾Â°,26964,2
12 News,177970,2
2CELLOS,432186,2
3Blue1Brown,298666,1
494ta,637942,1
ÃÂÃÂ»ÃÂµÃÂºÃ‘ÂÃÂµÃÂ¹ ÃÂÃÂ°ÃÂ²ÃÂ°ÃÂ»Ã‘Å’ÃÂ½Ã‘â€¹ÃÂ¹,5579079,1
ÃÂ¢ÃÂ¡ÃÂ,180711,1
90s Commercials,773,1
Absolut,586498,1
American Bridge 21st Century,22690,1
Anaki Abo,358597,1
Aerie,5144,1
Alicia Keys,95944,1
BAFTA,24248,1
Billy Graham Evangelistic Association,35053,1
BeyondSlowMotion,12468,1
Beats by Dre,2152261,1
Bini the Bunny,26102,1
Birdbox Studio,22695,1
bitluni's lab,10891,1
Blockbuster,12609,1
Caterham Cars,4850,1
Caters Clips,90454,1
Brothers Green Eats,77630,1
BrianJustinCrum,27010,1
BTS Videos,153341,1
CityNews Toronto,34133,1
CIRCUITBEARD,3114,1
CoinDaddy,9577,1
ClovesVEVO,30260,1
CNLohr,5224,1
Chris Sturgeon,3438,1
Charles Chan,12515,1
CHauserable,1807,1
Check It Out,894787,1
Chad Kroeger,412812,1
Commercials Funny,22034,1
Dale Dai,1392244,1
dannotv,258506,1
David Steuer,27779,1
Dean Anderson,7325,1
Enter Shikari,99619,1
EntertainmentVevo,845262,1
EVNautilus,89132,1
DrakeBellVEVO,65973,1
edlover4real,6172,1
Movieclips Film Festivals & Indie Films,26033,1
New Scientist,465893,1
Nat Geo WILD,61977,1
Nahre Sol,5149,1
Max Joseph,895352,1
Mayo Clinic,237307,1
MickMake,3237,1
Missguided,4371,1
misleadingsilhouette,45096,1
mike m,102560,1
Mike Olbinski,8177,1
MODSUN,180919,1
ladygagaarraza,18916,1
KSNV News 3 Las Vegas,169511,1
KickThePj,83200,1
Lawrence Livermore National Laboratory,30361,1
LaurDIY,355429,1
Lily Pebbles,91167,1
LetsGoWarriors,16305,1
Maggie Smith KÃƒÂ¼hn,3411,1
Madmorda,4541,1
Guinness World Records,28539,1
Hin Nya,218855,1
I'm With Her,6148,1
Humble Design,23634,1
Hot Dad,13676,1
Gondwana Collection Namibia,213584,1
GrDrtube,14289,1
Grist,3133,1
Freeform,7978,1
Frankie Vision,220548,1
James Veitch,139989,1
Jake Roper,143597,1
JanPaul123,4253,1
JarJar Abrams,643117,1
Jamie Demeter,163780,1
Jenny Hanell,1827,1
Katy Perry,56012,1
K Yuen,33260,1
Just Marcus,46706,1
WhatsApp Wacky,2585,1
Wendy's,124022,1
yeokm1,24311,1
Xbox,48735,1
Whitney Port,55398,1
The Anna Edit,112510,1
That Japanese Man Yuta,1111674,1
The Inertia,65371,1
Stewart Brand,6412,1
Steve Kovach,2259,1
So I Had This Idea...,97217,1
Super Netvid,3014847,1
Storyful News,244532,1
Strange Parts,282580,1
Taylor Alexander,5584,1
TDAmeritrade,3831,1
Talks at Google,53000,1
Tamar Chronicles,451356,1
TSN Tube,141052,1
Tu Fan,82087,1
Tucker Gott,175852,1
Tyler Williams,691229,1
Total Combat,1722,1
TrainVEVO,30021,1
Trevor Moran,553866,1
TMZSports,3505996,1
Thomas Sebastian,3788,1
Science vs Cinema,6320,1
Shawn,7036,1
Sevdaliza,90206,1
SiggasNationÃ¢â€žÂ¢,10525,1
Shyrynne,1035381,1
SHOWTIME,546964,1
shoaib246,25796,1
Skelly Robot,4767,1
RihannaNavyVevo,10754,1
revlon,7130,1
Recanto EcolÃƒÂ³gico Rio da Prata,918887,1
Republican News Watch,3596,1
onsetfacilities.com,404058,1
Ozuna,1498866,1
PekingDukVEVO,26117,1
PetaPixel,2457408,1
PhilPhillipsVEVO,38068,1
poofables,95085,1
Pop & Sports HQ,305899,1
PK Inventor,5509,1
PostmodernJukebox,226088,1
